Kit1,Kit2,Chr,Start,End,cM,SNPs
GU1800109,,5,148114806,171335293,32.7,4045
GU1800109,,16,79143983,85230723,21.3,2203
GU1800109,,6,143067927,157398175,19.4,2760
GU1800109,,6,147185851,158980351,18.4,2350
GU1800109,,3,61495,5490708,16.6,1534
GU1800109,,11,107430300,122204383,20.2,2479
GU1800109,,22,44886297,49900158,18.9,1424
GU1800109,,18,63417004,77991527,32.1,2960
GU1800109,,22,45498003,49900158,16.2,1167
GU1800109,,3,179619860,189553287,19.1,1638
GU1800109,,8,77118604,101472510,17.1,2734
GU1800109,,19,6965278,15143453,16.3,1308
GU1800109,,14,29230860,40342577,18.5,1712
GU1800109,,11,45706453,93767360,32.1,4863
GU1800109,,6,107154445,136224650,25.6,3764
GU1800109,,6,88619412,107182045,17.9,2502
GU1800109,,17,37036554,63111452,27.3,3149
GU1800109,,20,24247556,41711226,10.3,1694
GU1800109,,3,62574188,82010368,24.2,2942
GU1800109,,1,40974156,64555255,25.1,3308
GU1800109,,18,6001128,12399481,22.9,1709
GU1800109,,16,101263,5023521,10.8,797
GU1800109,,16,5631166,12652425,18.7,2065
GU1800109,,6,25842605,42471579,15.6,3219
GU1800109,,2,39851566,62741416,21.2,3620
GU1800109,,13,103828640,111153479,21.0,1948
GU1800109,,15,42134301,60984270,17.6,2555
GU1800109,,15,94193200,102224341,25.7,1854
GU1800109,,22,45126775,49900158,17.7,1410
GU1800109,,22,45446874,50345729,18.0,1226
GU1800109,,19,7635856,15141624,14.3,1155
GU1800109,,16,80945538,85230723,15.9,1722
GU1800109,,19,6944843,15143453,16.4,1315
GU1800109,,16,81244502,85531362,15.5,1648
GU1800109,,8,27878672,77270727,42.0,5389
GU1800109,,16,6756396,16975959,20.0,2351
GU1800109,,6,147912444,159007004,17.6,2232
GU1800109,,22,46258912,50345729,15.9,1021
GU1800109,,5,159320525,178719364,38.0,3657
GU1800109,,5,33375972,62369102,20.6,3113
GU1800109,,18,4339053,8468304,17.3,1022
GU1800109,,11,46231502,93767360,31.8,4836
GU1800109,,7,106306401,130589791,18.2,2451
GU1800109,,21,41259941,46670874,15.7,1449
GU1800109,,22,45048253,49911908,18.1,1383
GU1800109,,1,201067784,212457414,16.6,2152
GU1800109,,17,13546,5830838,16.4,1172
GU1800109,,4,169340639,184989565,25.8,2704
GU1800109,,1,40974156,62284504,22.0,3126
GU1800109,,12,65827996,80556864,15.7,2291
GU1800109,,5,4725405,16408600,23.2,2194
GU1800109,,11,45711030,78973716,21.2,3170
GU1800109,,10,90744325,108818287,16.3,2551
GU1800109,,15,94187859,102385044,26.3,1880
GU1800109,,4,11414037,29060867,24.3,2823
GU1800109,,5,8115307,16054101,14.1,1359
GU1800109,,14,96130617,107143294,23.5,1730
GU1800109,,22,44886297,49900158,18.9,1486
GU1800109,,6,55766417,90683587,18.1,3195
GU1800109,,8,76215616,119856209,31.9,5175
GU1800109,,8,75939401,102627955,20.0,2966
GU1800109,,8,77118604,107214049,24.3,3676
GU1800109,,8,77118604,101472510,17.1,2735
GU1800109,,9,128928087,139709976,28.2,2134
GU1800109,,17,131918,5616579,15.6,1097
GU1800109,,8,103529405,126781758,21.4,2992
GU1800109,,5,61749048,80399926,20.0,2728
GU1800109,,5,94610224,115285650,16.5,2675
GU1800109,,19,39528932,55728651,39.7,3046
GU1800109,,1,48053426,66691885,21.7,2935
GU1800109,,9,92515514,110210362,17.4,2495
GU1800109,,8,16870536,27479227,18.4,2571
GU1800109,,13,105025012,110304057,15.2,1389
GU1800109,,4,175273562,182813298,12.8,1387
GU1800109,,3,182970805,192028670,21.2,1782
GU1800109,,3,8316110,20996215,18.2,2255
GU1800109,,11,100510448,122466121,25.2,3393
GU1800109,,8,98987918,126843414,28.2,3635
GU1800109,,3,8327085,21083986,18.3,2239
GU1800109,,3,181954164,190722423,20.2,1694
GU1800109,,9,115781111,129166088,17.3,2287
GU1800109,,1,36887163,53259950,15.2,1959
GU1800109,,1,53778904,68105186,20.7,2653
GU1800109,,5,4717060,16102201,22.7,2159
GU1800109,,11,124453666,134926754,23.1,2437
GU1800109,,3,63788094,87276699,23.1,3010
GU1800109,,16,53416622,66053401,18.3,2148
GU1800109,,8,76226176,105696848,23.6,3444
GU1800109,,16,79738625,85296204,18.1,1989
GU1800109,,3,176691296,190791994,24.9,2297
GU1800109,,4,178221198,185361242,16.8,1593
GU1800109,,22,44881968,49592082,17.4,1306
GU1800109,,6,123865515,137363835,15.8,1976
GU1800109,,1,41032059,62284504,21.9,3118
GU1800109,,16,80419872,85296204,17.0,1820
GU1800109,,11,19580233,29872433,15.2,1768
GU1800109,,22,44886297,49877875,18.8,1430
GU1800109,,8,22784735,36986164,15.6,1994
GU1800109,,14,76989856,90539350,15.9,2016
GU1800109,,6,143083063,158486110,20.4,2886
GU1800109,,11,33961756,69351911,25.0,3604
GU1800109,,1,57400984,68105186,15.2,1939
GU1800109,,8,92295114,121603802,25.0,3578
GU1800109,,7,40809143,69238158,20.5,2876
GU1800109,,8,51564759,62723254,12.4,1477
GU1800109,,18,4150108,8467173,17.9,1075
GU1800109,,3,61495,5351214,16.2,1486
GU1800109,,7,7804403,20737300,21.0,2875
GU1800109,,3,61495,5332265,16.1,1493
GU1800109,,21,28196045,43102097,30.1,2897
GU1800109,,18,6487465,12741370,21.4,1585
GU1800109,,10,125262764,132749766,20.7,1975
GU1800109,,12,118562757,128498837,17.7,1731
GU1800109,,7,80611355,95697118,13.3,1831
GU1800109,,15,57725259,80014686,29.4,3347
GU1800109,,19,15012726,35219548,21.5,1788
GU1800109,,1,201246636,211425658,15.4,1815
GU1800109,,10,73729752,105246283,29.9,4396
GU1800109,,3,8095826,20996215,18.8,2270
GU1800109,,18,6040528,9814778,15.4,976
GU1800109,,22,44842354,50582550,21.2,1427
GU1800109,,11,45239959,93787542,32.8,4973
GU1800109,,1,57360450,68105186,15.3,1941
GU1800109,,3,61495,5522945,16.7,1544
GU1800109,,18,8446393,19654137,16.5,1408
GU1800109,,3,176750426,190722423,24.7,2275
GU1800109,,22,44886297,49877875,18.8,1429
GU1800109,,22,44886297,49900158,18.9,1488
GU1800109,,14,42446967,58308024,15.2,2176
GU1800109,,11,19427092,30047512,15.9,1728
GU1800109,,20,63244,6100088,19.7,1660
GU1800109,,18,67943953,75838302,21.1,1864
GU1800109,,16,55736527,82068897,36.4,4335
GU1800109,,3,61495,5512860,16.6,1524
GU1800109,,4,81209842,100045574,17.0,2180
GU1800109,,8,16690648,27458294,18.7,2622
GU1800109,,3,65289530,101911058,24.2,3743
GU1800109,,15,66358474,81133856,17.8,2059
GU1800109,,8,19039642,29394781,17.9,2188
GU1800109,,17,13546,5645968,15.8,1106
GU1800109,,8,19054974,29453239,17.9,2193
GU1800109,,16,79143983,84724890,19.0,1998
GU1800109,,3,23770133,42378073,19.7,2854
GU1800109,,11,19546520,29969227,15.4,1788
GU1800109,,11,19580233,30378559,15.5,1740
GU1800109,,16,77879657,82428543,15.4,1497
GU1800109,,11,19538163,30047512,15.5,1740
GU1800109,,15,94328994,99290406,16.9,1268
GU1800109,,12,125269323,128642674,11.2,859
GU1800109,,6,88891040,106536253,16.4,2240
GU1800109,,8,76560454,126781758,43.2,6107
GU1800109,,5,4872310,16158739,22.3,2229
GU1800109,,8,96232747,124865882,27.9,3900
GU1800109,,6,76127504,101967710,17.9,3015
GU1800109,,11,45949534,77178698,19.0,2594
GU1800109,,1,20158241,35093593,18.2,2175
GU1800109,,5,2908851,9997370,18.3,1738
GU1800109,,22,44881968,49741960,18.2,1335
GU1800109,,3,176691296,188689987,20.0,1838
GU1800109,,4,135474690,156584397,22.1,2563
GU1800109,,22,44886297,49408735,16.3,1254
GU1800109,,16,72931085,81762739,19.4,2188
GU1800109,,18,6783759,10948635,16.3,1143
GU1800109,,5,8115307,16034232,14.1,1354
GU1800109,,15,59478485,70516482,16.0,1825
GU1800109,,9,129777653,138913404,25.0,1891
GU1800109,,9,19397040,38661416,22.4,3141
GU1800109,,3,61495,5512860,16.6,1524
GU1800109,,3,61495,5345166,16.2,1495
GU1800109,,3,178105341,188397584,17.7,1590
GU1800109,,2,208706437,231284556,31.5,3386
GU1800109,,2,208716745,231683849,32.2,3695
GU1800109,,16,79305577,83040846,10.7,1167
GU1800109,,11,19580233,30047512,15.3,1723
GU1800109,,1,57211976,68105186,15.5,1994
GU1800109,,3,62527223,73497023,17.7,2157
GU1800109,,15,46651153,62460328,17.7,2521
GU1800109,,1,53901837,68401005,20.9,877
GU1800109,,18,5181341,19558879,30.7,2729
GU1800109,,17,228978,5855267,15.8,1347
GU1800109,,9,3106474,9918976,15.9,2211
GU1800109,,18,44065959,59020960,19.6,3055
GU1800109,,3,61495,5522945,16.7,1557
GU1800109,,5,6249440,16034232,17.8,758
GU1800109,,18,6092335,12747012,22.8,574
GU1800109,,9,115938750,129059870,16.9,2689
GU1800109,,1,41255120,62109502,21.3,3613
GU1800109,,1,90125566,113284079,22.8,1043
GU1800109,,1,43254108,60448209,17.2,2897
GU1800109,,11,19580233,29884984,15.2,2087
GU1800109,,18,8440292,11675256,10.5,1134
GU1800109,,2,25755848,39930277,16.1,2522
GU1800109,,16,80641397,85296204,16.7,574
GU1800109,,18,69327605,75215111,17.7,1826
GU1800109,,20,49687290,57196464,18.6,2324
GU1800109,,12,191619,6196183,16.8,1840
GU1800109,,2,26199220,40135076,15.9,2498
GU1800109,,1,40974156,67352960,28.1,2719
GU1800109,,8,22898222,36987204,15.4,2184
GU1800109,,12,1916770,8114429,17.5,1754
GU1800109,,5,8319421,16829132,15.2,484
GU1800109,,6,124178280,137372463,15.3,644
GU1800109,,13,91974018,99024955,10.3,385
GU1800109,,18,6923291,12429202,18.8,1802
GU1800109,,5,168391942,178719364,25.3,2781
GU1800109,,9,77406281,89199498,17.7,1278
GU1800109,,9,115781111,127821778,16.2,2463
GU1800109,,19,15093503,34429795,19.9,2432
GU1800109,,18,7383326,12747012,16.6,1635
GU1800109,,22,45107125,49911222,17.8,1773
GU1800109,,16,5711291,13638938,21.4,2774
GU1800109,,19,45132364,56308689,34.6,3306
GU1800109,,15,65335863,80033885,17.9,1988
GU1800109,,19,45202052,51954858,17.3,1652
GU1800109,,22,45437092,49900158,16.4,1632
GU1800109,,18,57634727,77997052,42.4,4898
GU1800109,,20,48591758,57957021,22.3,2830
GU1800109,,4,70513710,91748644,21.9,3200
GU1800109,,16,79465800,85335951,19.2,675
GU1800109,,17,13703203,32810443,21.7,722
GU1800109,,1,53901837,64426469,16.2,637
GU1800109,,15,46666881,61177888,15.5,2839
GU1800109,,3,2195312,5791627,12.5,1333
GU1800109,,11,32571594,44705461,14.9,2329
GU1800109,,12,15235173,25243893,13.9,2152
GU1800109,,12,51713586,99135638,46.5,7962
GU1800109,,18,49488572,67084661,25.5,3504
GU1800109,,8,108039422,126102820,16.6,2513
GU1800109,,8,102109037,126102820,23.4,3858
GU1800109,,8,80290562,105409476,22.1,1013
GU1800109,,1,43350603,66058513,24.5,4112
GU1800109,,1,40974156,60474983,19.4,3301
GU1800109,,20,2656328,9171861,17.8,1942
GU1800109,,14,30043269,39319551,17.3,1071
GU1800109,,16,79460198,85275835,19.0,671
GU1800109,,3,176693589,189170348,21.1,2457
GU1800109,,6,3302217,11516046,19.0,1819
GU1800109,,6,3153383,11333684,19.1,1821
GU1800109,,3,133701960,147794002,14.2,1858
GU1800109,,15,94193200,98674403,15.6,1322
GU1800109,,17,42892795,63090555,22.8,3220
GU1800109,,8,102261691,125968156,22.7,1219
GU1800109,,3,176691296,190593084,24.5,2152
GU1800109,,3,8316110,20996363,18.2,2792
GU1800109,,10,108216760,125192081,25.3,3720
GU1800109,,14,58295247,78779686,20.4,3861
GU1800109,,17,207618,5636209,15.2,1382
GU1800109,,15,51979674,64168647,15.6,2731
GU1800109,,14,29504355,40824636,18.5,2238
GU1800109,,8,16690648,29266126,22.5,999
GU1800109,,16,77888266,83324765,17.7,614
GU1800109,,1,211774350,229003739,16.3,3018
GU1800109,,18,44150558,57138957,15.5,2519
GU1800109,,1,48174867,62032669,15.8,2084
GU1800109,,4,184517243,190872778,18.6,1419
GU1800109,,9,133981491,139077343,17.3,711
GU1800109,,2,12581267,23095572,15.2,573
GU1800109,,10,73828748,94881612,20.1,3704
GU1800109,,20,49625623,57193906,18.8,2348
GU1800109,,1,171608466,193921548,17.4,2668
GU1800109,,18,5195573,9783269,18.4,1504
GU1800109,,18,24062211,44216758,17.0,3300
GU1800109,,7,40760498,73814702,25.1,1376
GU1800109,,7,42131390,76751658,25.7,1189
GU1800109,,8,76226176,123574070,36.5,5933
GU1800109,,13,60965482,92371090,26.2,1208
GU1800109,,3,61495,5337127,16.2,1673
GU1800109,,6,88973751,106548730,16.3,789
GU1800109,,4,134784379,156555835,22.5,926
GU1800109,,13,60184047,99001223,36.6,6372
GU1800109,,20,8186186,18073844,19.6,2742
GU1800109,,3,176647385,187004183,15.4,575
GU1800109,,8,96204142,103591361,10.2,507
GU1800109,,16,79514155,85207028,18.6,2513
GU1800109,,18,6133402,11649014,21.1,1854
GU1800109,,1,54354658,67937751,19.5,3001
GU1800109,,22,45161740,50079434,18.3,1787
GU1800109,,5,162677234,172038164,18.7,2290
GU1800109,,3,178173268,188662678,18.2,1218
GU1800109,,3,178173268,188662678,18.2,1215
GU1800109,,3,177932934,188662678,18.5,1230
GU1800109,,15,42085017,59770234,16.1,2601
GU1800109,,9,119990164,133888771,19.3,1523
GU1800109,,18,5985892,13033053,23.7,1158
GU1800109,,5,6985430,16128234,16.4,1652
GU1800109,,8,98364203,121830295,19.1,3027
GU1800109,,4,135438724,156563407,22.1,792
GU1800109,,17,71458742,77379107,17.6,964
GU1800109,,5,6922386,16034232,16.4,1085
GU1800109,,18,7054431,20796504,23.9,1951
GU1800109,,3,63411,5373391,16.3,1052
GU1800109,,4,135475307,156575786,22.0,1754
GU1800109,,6,25674509,42940673,16.7,2244
GU1800109,,15,61314596,81161130,23.6,866
GU1800109,,3,63411,5522945,16.7,1085
GU1800109,,15,61103590,71927201,16.5,1884
GU1800109,,6,123846449,137352519,15.8,576
GU1800109,,1,53259950,68105186,21.3,1921
GU1800109,,19,41056792,48755267,11.0,735
GU1800109,,5,94316007,115120408,16.5,1856
GU1800109,,18,7192874,20796504,23.1,1906
GU1800109,,7,116895588,138013414,20.4,2675
GU1800109,,22,45119659,49877875,17.6,924
GU1800109,,15,94179432,102274497,26.1,549
GU1800109,,14,63526171,78568445,16.3,1624
GU1800109,,1,40974156,67937751,29.0,2783
GU1800109,,16,105320,10706872,27.1,1687
GU1800109,,22,46258912,50108991,15.2,709
GU1800109,,12,53323694,79506862,25.5,2515
GU1800109,,5,31469172,41301008,14.1,2042
GU1800109,,11,95040906,121266057,29.2,5085
GU1800109,,4,11328556,30645543,25.8,3357
GU1800109,,1,40974156,60474983,19.4,3140
GU1800109,,11,19569074,30047512,15.4,1927
GU1800109,,5,8115307,16128234,14.3,1692
GU1800109,,8,106319151,126830010,19.5,1032
GU1800109,,3,63411,5343801,16.2,938
GU1800109,,22,45119659,49900158,17.7,1385
GU1800109,,16,62571383,86114829,42.1,1632
GU1800109,,22,44886297,49915072,18.9,484
GU1800109,,11,100271469,122675454,26.1,1239
GU1800109,,22,44778738,50079434,20.1,522
GU1800109,,16,79130890,84069768,15.7,550
GU1800109,,1,171735198,195923038,18.6,901
GU1800109,,12,54134291,79595885,24.7,1170
GU1800109,,1,55261752,68105186,18.2,2829
GU1800109,,19,15093503,34429795,19.9,2581
GU1800109,,8,16655774,25889446,16.4,2395
GU1800109,,6,32737494,48162231,22.2,3836
GU1800109,,22,45057826,49911222,18.1,948
GU1800109,,4,24728480,37524958,15.3,1881
GU1800109,,14,30985803,38991928,15.6,1495
GU1800109,,3,61495,5277162,16.0,1753
GU1800109,,12,121600529,129615327,19.7,2207
GU1800109,,3,179460825,190865991,22.4,2463
GU1800109,,1,52097580,68487020,22.6,946
GU1800109,,16,78958477,84623076,19.9,2365
GU1800109,,9,134212428,139077343,16.8,1533
GU1800109,,8,75659213,117630683,30.2,1535
GU1800109,,10,95064137,117854042,22.8,3496
GU1800109,,14,48994889,58295247,11.7,1711
GU1800109,,16,57157206,74097266,15.5,2726
GU1800109,,5,162736772,172038164,18.6,2281
GU1800109,,8,102145463,125968156,23.0,3815
GU1800109,,15,94187859,100828865,20.4,556
GU1800109,,14,58295247,78539977,20.1,3764
GU1800109,,8,94999197,120435705,22.0,3949
GU1800109,,16,78635695,85230723,24.7,2463
GU1800109,,5,127803816,157191954,28.4,5017
GU1800109,,6,165632,5923152,16.8,1820
GU1800109,,6,150727036,162646769,18.4,2975
GU1800109,,7,32199098,41241212,10.5,1733
GU1800109,,8,102516385,125968156,22.1,3719
GU1800109,,10,126062763,130740976,12.4,1504
GU1800109,,12,17564072,59286610,37.9,6878
GU1800109,,15,71956136,89620670,18.0,3069
GU1800109,,20,15631758,46268493,31.7,5379
GU1800109,,12,15233495,26532629,16.2,2190
GU1800109,,16,78629320,84729712,22.5,2822
GU1800109,,3,70229761,102058887,18.5,1037
GU1800109,,5,4872310,16110431,22.2,2662
GU1800109,,16,101263,4942099,10.7,792
GU1800109,,16,5685071,12640309,18.5,2041
GU1800109,,6,99921822,117831565,15.6,2349
GU1800109,,18,7143714,13033053,18.4,1427
GU1800109,,9,76246845,89142905,18.7,2337
GU1800109,,16,76055486,85226863,28.1,3108
GU1800109,,22,45161740,49745407,16.9,1303
GU1800109,,22,44886297,49512164,16.9,1308
GU1800109,,3,61495,5492484,16.6,1554
GU1800109,,2,106682622,123139879,15.2,1960
GU1800109,,1,90601007,113449627,22.5,3252
GU1800109,,22,45498115,49900158,16.2,1210
GU1800109,,3,471460,5332265,15.6,1402
GU1800109,,3,61495,5332265,16.1,1517
GU1800109,,14,58295247,76871801,17.6,2643
GU1800109,,14,29190652,34853118,13.7,1072
GU1800109,,1,41904847,62284504,20.9,2949
GU1800109,,8,102428258,126102820,22.6,3777
GU1800109,,22,44886297,50079434,19.6,1892
GU1800109,,14,29504355,40164269,18.3,2076
GU1800109,,5,5769499,16081670,19.1,631
GU1800109,,15,87531281,94522459,17.0,565
GU1800109,,20,51851473,57958335,16.6,1948
GU1800109,,18,6107360,12415885,22.5,2049
GU1800109,,15,48070793,64168647,17.8,3314
GU1800109,,8,16796681,25242876,15.3,2466
GU1800109,,3,61495,5277162,16.0,1836
GU1800109,,8,78510649,105381212,22.4,3999
GU1800109,,19,15012726,34069166,19.1,2479
GU1800109,,1,41032059,68105186,29.2,4892
GU1800109,,22,45161740,49900158,17.5,1746
GU1800109,,9,77404435,89336987,18.0,720
GU1800109,,15,46821267,64236441,19.5,3540
GU1800109,,22,44886297,49319259,15.7,1223
GU1800109,,16,65877585,82068897,24.2,3771
GU1800109,,7,116839950,138013414,20.4,3146
GU1800109,,3,176590693,190700956,24.9,886
GU1800109,,7,129738451,139360198,15.6,1008
GU1800109,,15,54796677,81132202,32.6,4807
GU1800109,,15,57750647,79999877,29.3,3819
GU1800109,,18,6107360,11075734,19.6,1713
GU1800109,,17,13546,5616579,15.8,1314
GU1800109,,19,15093503,34371198,19.8,2450
GU1800109,,19,15089173,34735393,20.6,2637
GU1800109,,6,25976927,42462055,15.4,6971
GU1800109,,22,44886297,49380656,16.1,1611
GU1800109,,19,50289859,54443866,17.2,1250
GU1800109,,20,51527356,58023771,17.6,773
GU1800109,,22,44886297,50079434,19.6,1796
GU1800109,,5,168514867,178503640,24.7,2628
GU1800109,,17,72166941,76804108,11.9,1278
GU1800109,,3,133877570,147794002,13.9,2136
GU1800109,,9,76944989,93975471,27.3,1295
GU1800109,,12,125198575,128546979,10.9,1078
GU1800109,,22,45157103,49900158,17.6,1483
GU1800109,,1,37242743,60460443,26.1,4048
GU1800109,,19,15008714,34429795,20.0,2601
GU1800109,,5,5790928,16408600,19.6,2390
GU1800109,,13,23396326,30047005,15.7,547
GU1800109,,11,19569074,29884984,15.3,2110
GU1800109,,18,7132405,12834359,18.1,483
GU1800109,,1,18527213,37548473,24.8,1024
GU1800109,,13,74860476,99025982,24.4,3397
GU1800109,,7,115671435,138538228,22.5,1115
GU1800109,,9,77442616,89440597,18.2,722
GU1800109,,5,76868950,95508726,18.4,770
GU1800109,,18,6107360,11649014,21.2,1870
GU1800109,,18,13775272,59420763,45.1,1924
GU1800109,,22,46360083,50315363,15.7,388
GU1800109,,8,89763735,120218092,25.0,4562
GU1800109,,8,80663308,101524955,16.0,2895
GU1800109,,19,45147719,55195013,30.8,2793
GU1800109,,5,148114806,171335293,32.7,4045
GU1800109,,16,79143983,85230723,21.3,2203
GU1800109,,6,143067927,157398175,19.4,2760
GU1800109,,6,147185851,158980351,18.4,2350
GU1800109,,3,61495,5490708,16.6,1534
GU1800109,,11,107430300,122204383,20.2,2479
GU1800109,,22,44886297,49900158,18.9,1424
GU1800109,,18,63417004,77991527,32.1,2960
GU1800109,,22,45498003,49900158,16.2,1167
GU1800109,,3,179619860,189553287,19.1,1638
GU1800109,,8,77118604,101472510,17.1,2734
GU1800109,,19,6965278,15143453,16.3,1308
GU1800109,,14,29230860,40342577,18.5,1712
GU1800109,,11,45706453,93767360,32.1,4863
GU1800109,,6,107154445,136224650,25.6,3764
GU1800109,,6,88619412,107182045,17.9,2502
GU1800109,,17,37036554,63111452,27.3,3149
GU1800109,,20,24247556,41711226,10.3,1694
GU1800109,,3,62574188,82010368,24.2,2942
GU1800109,,1,40974156,64555255,25.1,3308
GU1800109,,18,6001128,12399481,22.9,1709
GU1800109,,16,101263,5023521,10.8,797
GU1800109,,16,5631166,12652425,18.7,2065
GU1800109,,6,25842605,42471579,15.6,3219
GU1800109,,2,39851566,62741416,21.2,3620
GU1800109,,13,103828640,111153479,21.0,1948
GU1800109,,15,42134301,60984270,17.6,2555
GU1800109,,15,94193200,102224341,25.7,1854
GU1800109,,22,45126775,49900158,17.7,1410
GU1800109,,22,45446874,50345729,18.0,1226
GU1800109,,19,7635856,15141624,14.3,1155
GU1800109,,16,80945538,85230723,15.9,1722
GU1800109,,19,6944843,15143453,16.4,1315
GU1800109,,16,81244502,85531362,15.5,1648
GU1800109,,8,27878672,77270727,42.0,5389
GU1800109,,16,6756396,16975959,20.0,2351
GU1800109,,6,147912444,159007004,17.6,2232
GU1800109,,22,46258912,50345729,15.9,1021
GU1800109,,5,159320525,178719364,38.0,3657
GU1800109,,5,33375972,62369102,20.6,3113
GU1800109,,18,4339053,8468304,17.3,1022
GU1800109,,11,46231502,93767360,31.8,4836
GU1800109,,7,106306401,130589791,18.2,2451
GU1800109,,21,41259941,46670874,15.7,1449
GU1800109,,22,45048253,49911908,18.1,1383
GU1800109,,1,201067784,212457414,16.6,2152
GU1800109,,17,13546,5830838,16.4,1172
GU1800109,,4,169340639,184989565,25.8,2704
GU1800109,,1,40974156,62284504,22.0,3126
GU1800109,,12,65827996,80556864,15.7,2291
GU1800109,,5,4725405,16408600,23.2,2194
GU1800109,,11,45711030,78973716,21.2,3170
GU1800109,,10,90744325,108818287,16.3,2551
GU1800109,,15,94187859,102385044,26.3,1880
GU1800109,,4,11414037,29060867,24.3,2823
GU1800109,,5,8115307,16054101,14.1,1359
GU1800109,,14,96130617,107143294,23.5,1730
GU1800109,,22,44886297,49900158,18.9,1486
GU1800109,,6,55766417,90683587,18.1,3195
GU1800109,,8,76215616,119856209,31.9,5175
GU1800109,,8,75939401,102627955,20.0,2966
GU1800109,,8,77118604,107214049,24.3,3676
GU1800109,,8,77118604,101472510,17.1,2735
GU1800109,,9,128928087,139709976,28.2,2134
GU1800109,,17,131918,5616579,15.6,1097
GU1800109,,8,103529405,126781758,21.4,2992
GU1800109,,5,61749048,80399926,20.0,2728
GU1800109,,5,94610224,115285650,16.5,2675
GU1800109,,19,39528932,55728651,39.7,3046
GU1800109,,1,48053426,66691885,21.7,2935
GU1800109,,9,92515514,110210362,17.4,2495
GU1800109,,8,16870536,27479227,18.4,2571
GU1800109,,13,105025012,110304057,15.2,1389
GU1800109,,4,175273562,182813298,12.8,1387
GU1800109,,3,182970805,192028670,21.2,1782
GU1800109,,3,8316110,20996215,18.2,2255
GU1800109,,11,100510448,122466121,25.2,3393
GU1800109,,8,98987918,126843414,28.2,3635
GU1800109,,3,8327085,21083986,18.3,2239
GU1800109,,3,181954164,190722423,20.2,1694
GU1800109,,9,115781111,129166088,17.3,2287
GU1800109,,1,36887163,53259950,15.2,1959
GU1800109,,1,53778904,68105186,20.7,2653
GU1800109,,5,4717060,16102201,22.7,2159
GU1800109,,11,124453666,134926754,23.1,2437
GU1800109,,3,63788094,87276699,23.1,3010
GU1800109,,16,53416622,66053401,18.3,2148
GU1800109,,8,76226176,105696848,23.6,3444
GU1800109,,16,79738625,85296204,18.1,1989
GU1800109,,3,176691296,190791994,24.9,2297
GU1800109,,4,178221198,185361242,16.8,1593
GU1800109,,22,44881968,49592082,17.4,1306
GU1800109,,6,123865515,137363835,15.8,1976
GU1800109,,1,41032059,62284504,21.9,3118
GU1800109,,16,80419872,85296204,17.0,1820
GU1800109,,11,19580233,29872433,15.2,1768
GU1800109,,22,44886297,49877875,18.8,1430
GU1800109,,8,22784735,36986164,15.6,1994
GU1800109,,14,76989856,90539350,15.9,2016
GU1800109,,6,143083063,158486110,20.4,2886
GU1800109,,11,33961756,69351911,25.0,3604
GU1800109,,1,57400984,68105186,15.2,1939
GU1800109,,8,92295114,121603802,25.0,3578
GU1800109,,7,40809143,69238158,20.5,2876
GU1800109,,8,51564759,62723254,12.4,1477
GU1800109,,18,4150108,8467173,17.9,1075
GU1800109,,3,61495,5351214,16.2,1486
GU1800109,,7,7804403,20737300,21.0,2875
GU1800109,,3,61495,5332265,16.1,1493
GU1800109,,21,28196045,43102097,30.1,2897
GU1800109,,18,6487465,12741370,21.4,1585
GU1800109,,10,125262764,132749766,20.7,1975
GU1800109,,12,118562757,128498837,17.7,1731
GU1800109,,7,80611355,95697118,13.3,1831
GU1800109,,15,57725259,80014686,29.4,3347
GU1800109,,19,15012726,35219548,21.5,1788
GU1800109,,1,201246636,211425658,15.4,1815
GU1800109,,10,73729752,105246283,29.9,4396
GU1800109,,3,8095826,20996215,18.8,2270
GU1800109,,18,6040528,9814778,15.4,976
GU1800109,,22,44842354,50582550,21.2,1427
GU1800109,,11,45239959,93787542,32.8,4973
GU1800109,,1,57360450,68105186,15.3,1941
GU1800109,,3,61495,5522945,16.7,1544
GU1800109,,18,8446393,19654137,16.5,1408
GU1800109,,3,176750426,190722423,24.7,2275
GU1800109,,22,44886297,49877875,18.8,1429
GU1800109,,22,44886297,49900158,18.9,1488
GU1800109,,14,42446967,58308024,15.2,2176
GU1800109,,11,19427092,30047512,15.9,1728
GU1800109,,20,63244,6100088,19.7,1660
GU1800109,,18,67943953,75838302,21.1,1864
GU1800109,,16,55736527,82068897,36.4,4335
GU1800109,,3,61495,5512860,16.6,1524
GU1800109,,4,81209842,100045574,17.0,2180
GU1800109,,8,16690648,27458294,18.7,2622
GU1800109,,3,65289530,101911058,24.2,3743
GU1800109,,15,66358474,81133856,17.8,2059
GU1800109,,8,19039642,29394781,17.9,2188
GU1800109,,17,13546,5645968,15.8,1106
GU1800109,,8,19054974,29453239,17.9,2193
GU1800109,,16,79143983,84724890,19.0,1998
GU1800109,,3,23770133,42378073,19.7,2854
GU1800109,,11,19546520,29969227,15.4,1788
GU1800109,,11,19580233,30378559,15.5,1740
GU1800109,,16,77879657,82428543,15.4,1497
GU1800109,,11,19538163,30047512,15.5,1740
GU1800109,,15,94328994,99290406,16.9,1268
GU1800109,,12,125269323,128642674,11.2,859
GU1800109,,6,88891040,106536253,16.4,2240
GU1800109,,8,76560454,126781758,43.2,6107
GU1800109,,5,4872310,16158739,22.3,2229
GU1800109,,8,96232747,124865882,27.9,3900
GU1800109,,6,76127504,101967710,17.9,3015
GU1800109,,11,45949534,77178698,19.0,2594
GU1800109,,1,20158241,35093593,18.2,2175
GU1800109,,5,2908851,9997370,18.3,1738
GU1800109,,22,44881968,49741960,18.2,1335
GU1800109,,3,176691296,188689987,20.0,1838
GU1800109,,4,135474690,156584397,22.1,2563
GU1800109,,22,44886297,49408735,16.3,1254
GU1800109,,16,72931085,81762739,19.4,2188
GU1800109,,18,6783759,10948635,16.3,1143
GU1800109,,5,8115307,16034232,14.1,1354
GU1800109,,15,59478485,70516482,16.0,1825
GU1800109,,9,129777653,138913404,25.0,1891
GU1800109,,9,19397040,38661416,22.4,3141
GU1800109,,3,61495,5512860,16.6,1524
GU1800109,,3,61495,5345166,16.2,1495
GU1800109,,3,178105341,188397584,17.7,1590
GU1800109,,2,208706437,231284556,31.5,3386
GU1800109,,2,208716745,231683849,32.2,3695
GU1800109,,16,79305577,83040846,10.7,1167
GU1800109,,11,19580233,30047512,15.3,1723
GU1800109,,1,57211976,68105186,15.5,1994
GU1800109,,3,62527223,73497023,17.7,2157
GU1800109,,15,46651153,62460328,17.7,2521
GU1800109,,1,53901837,68401005,20.9,877
GU1800109,,18,5181341,19558879,30.7,2729
GU1800109,,17,228978,5855267,15.8,1347
GU1800109,,9,3106474,9918976,15.9,2211
GU1800109,,18,44065959,59020960,19.6,3055
GU1800109,,3,61495,5522945,16.7,1557
GU1800109,,5,6249440,16034232,17.8,758
GU1800109,,18,6092335,12747012,22.8,574
GU1800109,,9,115938750,129059870,16.9,2689
GU1800109,,1,41255120,62109502,21.3,3613
GU1800109,,1,90125566,113284079,22.8,1043
GU1800109,,1,43254108,60448209,17.2,2897
GU1800109,,11,19580233,29884984,15.2,2087
GU1800109,,18,8440292,11675256,10.5,1134
GU1800109,,2,25755848,39930277,16.1,2522
GU1800109,,16,80641397,85296204,16.7,574
GU1800109,,18,69327605,75215111,17.7,1826
GU1800109,,20,49687290,57196464,18.6,2324
GU1800109,,12,191619,6196183,16.8,1840
GU1800109,,2,26199220,40135076,15.9,2498
GU1800109,,1,40974156,67352960,28.1,2719
GU1800109,,8,22898222,36987204,15.4,2184
GU1800109,,12,1916770,8114429,17.5,1754
GU1800109,,5,8319421,16829132,15.2,484
GU1800109,,6,124178280,137372463,15.3,644
GU1800109,,13,91974018,99024955,10.3,385
GU1800109,,18,6923291,12429202,18.8,1802
GU1800109,,5,168391942,178719364,25.3,2781
GU1800109,,9,77406281,89199498,17.7,1278
GU1800109,,9,115781111,127821778,16.2,2463
GU1800109,,19,15093503,34429795,19.9,2432
GU1800109,,18,7383326,12747012,16.6,1635
GU1800109,,22,45107125,49911222,17.8,1773
GU1800109,,16,5711291,13638938,21.4,2774
GU1800109,,19,45132364,56308689,34.6,3306
GU1800109,,15,65335863,80033885,17.9,1988
GU1800109,,19,45202052,51954858,17.3,1652
GU1800109,,22,45437092,49900158,16.4,1632
GU1800109,,18,57634727,77997052,42.4,4898
GU1800109,,20,48591758,57957021,22.3,2830
GU1800109,,4,70513710,91748644,21.9,3200
GU1800109,,16,79465800,85335951,19.2,675
GU1800109,,17,13703203,32810443,21.7,722
GU1800109,,1,53901837,64426469,16.2,637
GU1800109,,15,46666881,61177888,15.5,2839
GU1800109,,3,2195312,5791627,12.5,1333
GU1800109,,11,32571594,44705461,14.9,2329
GU1800109,,12,15235173,25243893,13.9,2152
GU1800109,,12,51713586,99135638,46.5,7962
GU1800109,,18,49488572,67084661,25.5,3504
GU1800109,,8,108039422,126102820,16.6,2513
GU1800109,,8,102109037,126102820,23.4,3858
GU1800109,,8,80290562,105409476,22.1,1013
GU1800109,,1,43350603,66058513,24.5,4112
GU1800109,,1,40974156,60474983,19.4,3301
GU1800109,,20,2656328,9171861,17.8,1942
GU1800109,,14,30043269,39319551,17.3,1071
GU1800109,,16,79460198,85275835,19.0,671
GU1800109,,3,176693589,189170348,21.1,2457
GU1800109,,6,3302217,11516046,19.0,1819
GU1800109,,6,3153383,11333684,19.1,1821
GU1800109,,3,133701960,147794002,14.2,1858
GU1800109,,15,94193200,98674403,15.6,1322
GU1800109,,17,42892795,63090555,22.8,3220
GU1800109,,8,102261691,125968156,22.7,1219
GU1800109,,3,176691296,190593084,24.5,2152
GU1800109,,3,8316110,20996363,18.2,2792
GU1800109,,10,108216760,125192081,25.3,3720
GU1800109,,14,58295247,78779686,20.4,3861
GU1800109,,17,207618,5636209,15.2,1382
GU1800109,,15,51979674,64168647,15.6,2731
GU1800109,,14,29504355,40824636,18.5,2238
GU1800109,,8,16690648,29266126,22.5,999
GU1800109,,16,77888266,83324765,17.7,614
GU1800109,,1,211774350,229003739,16.3,3018
GU1800109,,18,44150558,57138957,15.5,2519
GU1800109,,1,48174867,62032669,15.8,2084
GU1800109,,4,184517243,190872778,18.6,1419
GU1800109,,9,133981491,139077343,17.3,711
GU1800109,,2,12581267,23095572,15.2,573
GU1800109,,10,73828748,94881612,20.1,3704
GU1800109,,20,49625623,57193906,18.8,2348
GU1800109,,1,171608466,193921548,17.4,2668
GU1800109,,18,5195573,9783269,18.4,1504
GU1800109,,18,24062211,44216758,17.0,3300
GU1800109,,7,40760498,73814702,25.1,1376
GU1800109,,7,42131390,76751658,25.7,1189
GU1800109,,8,76226176,123574070,36.5,5933
GU1800109,,13,60965482,92371090,26.2,1208
GU1800109,,3,61495,5337127,16.2,1673
GU1800109,,6,88973751,106548730,16.3,789
GU1800109,,4,134784379,156555835,22.5,926
GU1800109,,13,60184047,99001223,36.6,6372
GU1800109,,20,8186186,18073844,19.6,2742
GU1800109,,3,176647385,187004183,15.4,575
GU1800109,,8,96204142,103591361,10.2,507
GU1800109,,16,79514155,85207028,18.6,2513
GU1800109,,18,6133402,11649014,21.1,1854
GU1800109,,1,54354658,67937751,19.5,3001
GU1800109,,22,45161740,50079434,18.3,1787
GU1800109,,5,162677234,172038164,18.7,2290
GU1800109,,3,178173268,188662678,18.2,1218
GU1800109,,3,178173268,188662678,18.2,1215
GU1800109,,3,177932934,188662678,18.5,1230
GU1800109,,15,42085017,59770234,16.1,2601
GU1800109,,9,119990164,133888771,19.3,1523
GU1800109,,18,5985892,13033053,23.7,1158
GU1800109,,5,6985430,16128234,16.4,1652
GU1800109,,8,98364203,121830295,19.1,3027
GU1800109,,4,135438724,156563407,22.1,792
GU1800109,,17,71458742,77379107,17.6,964
GU1800109,,5,6922386,16034232,16.4,1085
GU1800109,,18,7054431,20796504,23.9,1951
GU1800109,,3,63411,5373391,16.3,1052
GU1800109,,4,135475307,156575786,22.0,1754
GU1800109,,6,25674509,42940673,16.7,2244
GU1800109,,15,61314596,81161130,23.6,866
GU1800109,,3,63411,5522945,16.7,1085
GU1800109,,15,61103590,71927201,16.5,1884
GU1800109,,6,123846449,137352519,15.8,576
GU1800109,,1,53259950,68105186,21.3,1921
GU1800109,,19,41056792,48755267,11.0,735
GU1800109,,5,94316007,115120408,16.5,1856
GU1800109,,18,7192874,20796504,23.1,1906
GU1800109,,7,116895588,138013414,20.4,2675
GU1800109,,22,45119659,49877875,17.6,924
GU1800109,,15,94179432,102274497,26.1,549
GU1800109,,14,63526171,78568445,16.3,1624
GU1800109,,1,40974156,67937751,29.0,2783
GU1800109,,16,105320,10706872,27.1,1687
GU1800109,,22,46258912,50108991,15.2,709
GU1800109,,12,53323694,79506862,25.5,2515
GU1800109,,5,31469172,41301008,14.1,2042
GU1800109,,11,95040906,121266057,29.2,5085
GU1800109,,4,11328556,30645543,25.8,3357
GU1800109,,1,40974156,60474983,19.4,3140
GU1800109,,11,19569074,30047512,15.4,1927
GU1800109,,5,8115307,16128234,14.3,1692
GU1800109,,8,106319151,126830010,19.5,1032
GU1800109,,3,63411,5343801,16.2,938
GU1800109,,22,45119659,49900158,17.7,1385
GU1800109,,16,62571383,86114829,42.1,1632
GU1800109,,22,44886297,49915072,18.9,484
GU1800109,,11,100271469,122675454,26.1,1239
GU1800109,,22,44778738,50079434,20.1,522
GU1800109,,16,79130890,84069768,15.7,550
GU1800109,,1,171735198,195923038,18.6,901
GU1800109,,12,54134291,79595885,24.7,1170
GU1800109,,1,55261752,68105186,18.2,2829
GU1800109,,19,15093503,34429795,19.9,2581
GU1800109,,8,16655774,25889446,16.4,2395
GU1800109,,6,32737494,48162231,22.2,3836
GU1800109,,22,45057826,49911222,18.1,948
GU1800109,,4,24728480,37524958,15.3,1881
GU1800109,,14,30985803,38991928,15.6,1495
GU1800109,,3,61495,5277162,16.0,1753
GU1800109,,12,121600529,129615327,19.7,2207
GU1800109,,3,179460825,190865991,22.4,2463
GU1800109,,1,52097580,68487020,22.6,946
GU1800109,,16,78958477,84623076,19.9,2365
GU1800109,,9,134212428,139077343,16.8,1533
GU1800109,,8,75659213,117630683,30.2,1535
GU1800109,,10,95064137,117854042,22.8,3496
GU1800109,,14,48994889,58295247,11.7,1711
GU1800109,,16,57157206,74097266,15.5,2726
GU1800109,,5,162736772,172038164,18.6,2281
GU1800109,,8,102145463,125968156,23.0,3815
GU1800109,,15,94187859,100828865,20.4,556
GU1800109,,14,58295247,78539977,20.1,3764
GU1800109,,8,94999197,120435705,22.0,3949
GU1800109,,16,78635695,85230723,24.7,2463
GU1800109,,5,127803816,157191954,28.4,5017
GU1800109,,6,165632,5923152,16.8,1820
GU1800109,,6,150727036,162646769,18.4,2975
GU1800109,,7,32199098,41241212,10.5,1733
GU1800109,,8,102516385,125968156,22.1,3719
GU1800109,,10,126062763,130740976,12.4,1504
GU1800109,,12,17564072,59286610,37.9,6878
GU1800109,,15,71956136,89620670,18.0,3069
GU1800109,,20,15631758,46268493,31.7,5379
GU1800109,,12,15233495,26532629,16.2,2190
GU1800109,,16,78629320,84729712,22.5,2822
GU1800109,,3,70229761,102058887,18.5,1037
GU1800109,,5,4872310,16110431,22.2,2662
GU1800109,,16,101263,4942099,10.7,792
GU1800109,,16,5685071,12640309,18.5,2041
GU1800109,,6,99921822,117831565,15.6,2349
GU1800109,,18,7143714,13033053,18.4,1427
GU1800109,,9,76246845,89142905,18.7,2337
GU1800109,,16,76055486,85226863,28.1,3108
GU1800109,,22,45161740,49745407,16.9,1303
GU1800109,,22,44886297,49512164,16.9,1308
GU1800109,,3,61495,5492484,16.6,1554
GU1800109,,2,106682622,123139879,15.2,1960
GU1800109,,1,90601007,113449627,22.5,3252
GU1800109,,22,45498115,49900158,16.2,1210
GU1800109,,3,471460,5332265,15.6,1402
GU1800109,,3,61495,5332265,16.1,1517
GU1800109,,14,58295247,76871801,17.6,2643
GU1800109,,14,29190652,34853118,13.7,1072
GU1800109,,1,41904847,62284504,20.9,2949
GU1800109,,8,102428258,126102820,22.6,3777
GU1800109,,22,44886297,50079434,19.6,1892
GU1800109,,14,29504355,40164269,18.3,2076
GU1800109,,5,5769499,16081670,19.1,631
GU1800109,,15,87531281,94522459,17.0,565
GU1800109,,20,51851473,57958335,16.6,1948
GU1800109,,18,6107360,12415885,22.5,2049
GU1800109,,15,48070793,64168647,17.8,3314
GU1800109,,8,16796681,25242876,15.3,2466
GU1800109,,3,61495,5277162,16.0,1836
GU1800109,,8,78510649,105381212,22.4,3999
GU1800109,,19,15012726,34069166,19.1,2479
GU1800109,,1,41032059,68105186,29.2,4892
GU1800109,,22,45161740,49900158,17.5,1746
GU1800109,,9,77404435,89336987,18.0,720
GU1800109,,15,46821267,64236441,19.5,3540
GU1800109,,22,44886297,49319259,15.7,1223
GU1800109,,16,65877585,82068897,24.2,3771
GU1800109,,7,116839950,138013414,20.4,3146
GU1800109,,3,176590693,190700956,24.9,886
GU1800109,,7,129738451,139360198,15.6,1008
GU1800109,,15,54796677,81132202,32.6,4807
GU1800109,,15,57750647,79999877,29.3,3819
GU1800109,,18,6107360,11075734,19.6,1713
GU1800109,,17,13546,5616579,15.8,1314
GU1800109,,19,15093503,34371198,19.8,2450
GU1800109,,19,15089173,34735393,20.6,2637
GU1800109,,6,25976927,42462055,15.4,6971
GU1800109,,22,44886297,49380656,16.1,1611
GU1800109,,19,50289859,54443866,17.2,1250
GU1800109,,20,51527356,58023771,17.6,773
GU1800109,,22,44886297,50079434,19.6,1796
GU1800109,,5,168514867,178503640,24.7,2628
GU1800109,,17,72166941,76804108,11.9,1278
GU1800109,,3,133877570,147794002,13.9,2136
GU1800109,,9,76944989,93975471,27.3,1295
GU1800109,,12,125198575,128546979,10.9,1078
GU1800109,,22,45157103,49900158,17.6,1483
GU1800109,,1,37242743,60460443,26.1,4048
GU1800109,,19,15008714,34429795,20.0,2601
GU1800109,,5,5790928,16408600,19.6,2390
GU1800109,,13,23396326,30047005,15.7,547
GU1800109,,11,19569074,29884984,15.3,2110
GU1800109,,18,7132405,12834359,18.1,483
GU1800109,,1,18527213,37548473,24.8,1024
GU1800109,,13,74860476,99025982,24.4,3397
GU1800109,,7,115671435,138538228,22.5,1115
GU1800109,,9,77442616,89440597,18.2,722
GU1800109,,5,76868950,95508726,18.4,770
GU1800109,,18,6107360,11649014,21.2,1870
GU1800109,,18,13775272,59420763,45.1,1924
GU1800109,,22,46360083,50315363,15.7,388
GU1800109,,8,89763735,120218092,25.0,4562
GU1800109,,8,80663308,101524955,16.0,2895
GU1800109,,19,45147719,55195013,30.8,2793
,,5,159320525,178719364,38.0,3657
,,3,8327085,21083986,18.3,2239
,,2,26199220,40135076,15.9,2498
,,5,168391942,178719364,25.3,2781
,,17,207618,5636209,15.2,1382
,,15,51979674,64168647,15.6,2731
,,8,16690648,29266126,22.5,999
,,8,78510649,105381212,22.4,3999
,,5,168514867,178503640,24.7,2628
,,17,72166941,76804108,11.9,1278
,,1,18527213,37548473,24.8,1024
,,5,148114806,171335293,32.7,4045
,,16,80945538,85230723,15.9,1722
,,16,81244502,85531362,15.5,1648
,,16,79738625,85296204,18.1,1989
,,16,80419872,85296204,17.0,1820
,,16,79143983,84724890,19.0,1998
,,16,77879657,82428543,15.4,1497
,,16,79305577,83040846,10.7,1167
,,16,80641397,85296204,16.7,574
,,16,79465800,85335951,19.2,675
,,16,79460198,85275835,19.0,671
,,16,77888266,83324765,17.7,614
,,16,79514155,85207028,18.6,2513
,,16,79130890,84069768,15.7,550
,,16,78958477,84623076,19.9,2365
,,16,78635695,85230723,24.7,2463
,,16,78629320,84729712,22.5,2822
,,16,76055486,85226863,28.1,3108
,,11,124453666,134926754,23.1,2437
,,1,41032059,62284504,21.9,3118
,,7,7804403,20737300,21.0,2875
,,22,44886297,49877875,18.8,1429
,,3,61495,5522945,16.7,1557
,,3,176647385,187004183,15.4,575
,,3,176590693,190700956,24.9,886
,,16,79143983,85230723,21.3,2203
,,6,143083063,158486110,20.4,2886
,,6,147185851,158980351,18.4,2350
,,19,6965278,15143453,16.3,1308
,,11,46231502,93767360,31.8,4836
,,11,124453666,134926754,23.1,2437
,,8,102145463,125968156,23.0,3815
,,19,50289859,54443866,17.2,1250
,,6,143067927,157398175,19.4,2760
,,6,147912444,159007004,17.6,2232
,,5,127803816,157191954,28.4,5017
,,6,165632,5923152,16.8,1820
,,6,150727036,162646769,18.4,2975
,,7,32199098,41241212,10.5,1733
,,8,102516385,125968156,22.1,3719
,,10,126062763,130740976,12.4,1504
,,12,17564072,59286610,37.9,6878
,,15,71956136,89620670,18.0,3069
,,20,15631758,46268493,31.7,5379
,,6,143067927,157398175,19.4,2760
,,11,107430300,122204383,20.2,2479
,,22,45126775,49900158,17.7,1410
,,11,100510448,122466121,25.2,3393
,,15,57725259,80014686,29.4,3347
,,12,125269323,128642674,11.2,859
,,16,79465800,85335951,19.2,675
,,16,101263,4942099,10.7,792
,,16,5685071,12640309,18.5,2041
,,22,44886297,50079434,19.6,1892
,,20,51851473,57958335,16.6,1948
,,18,6107360,12415885,22.5,2049
,,12,125198575,128546979,10.9,1078
,,13,74860476,99025982,24.4,3397
,,6,147185851,158980351,18.4,2350
,,3,61495,5351214,16.2,1486
,,3,61495,5332265,16.1,1493
,,3,61495,5522945,16.7,1544
,,3,61495,5512860,16.6,1524
,,3,61495,5512860,16.6,1524
,,3,61495,5345166,16.2,1495
,,3,61495,5522945,16.7,1557
,,3,61495,5337127,16.2,1673
,,3,63411,5373391,16.3,1052
,,3,63411,5522945,16.7,1085
,,3,63411,5343801,16.2,938
,,3,61495,5277162,16.0,1753
,,3,61495,5492484,16.6,1554
,,3,471460,5332265,15.6,1402
,,3,61495,5332265,16.1,1517
,,3,61495,5277162,16.0,1836
,,22,46258912,50345729,15.9,1021
,,5,4717060,16102201,22.7,2159
,,3,176691296,190791994,24.9,2297
,,3,176647385,187004183,15.4,575
,,22,44886297,49915072,18.9,484
,,22,45057826,49911222,18.1,948
,,3,176590693,190700956,24.9,886
,,3,61495,5490708,16.6,1534
,,11,100510448,122466121,25.2,3393
,,11,100271469,122675454,26.1,1239
,,6,147185851,158980351,18.4,2350
,,17,37036554,63111452,27.3,3149
,,20,24247556,41711226,10.3,1694
,,9,92515514,110210362,17.4,2495
,,12,118562757,128498837,17.7,1731
,,11,19580233,30378559,15.5,1740
,,12,125269323,128642674,11.2,859
,,7,116895588,138013414,20.4,2675
,,14,30985803,38991928,15.6,1495
,,5,127803816,157191954,28.4,5017
,,6,165632,5923152,16.8,1820
,,6,150727036,162646769,18.4,2975
,,7,32199098,41241212,10.5,1733
,,8,102516385,125968156,22.1,3719
,,10,126062763,130740976,12.4,1504
,,12,17564072,59286610,37.9,6878
,,15,71956136,89620670,18.0,3069
,,20,15631758,46268493,31.7,5379
,,22,44886297,49380656,16.1,1611
,,12,125198575,128546979,10.9,1078
,,11,107430300,122204383,20.2,2479
,,22,45498003,49900158,16.2,1167
,,22,45126775,49900158,17.7,1410
,,22,45446874,50345729,18.0,1226
,,22,46258912,50345729,15.9,1021
,,22,45048253,49911908,18.1,1383
,,22,44886297,49900158,18.9,1486
,,22,44881968,49592082,17.4,1306
,,22,44886297,49877875,18.8,1430
,,22,44842354,50582550,21.2,1427
,,22,44886297,49877875,18.8,1429
,,22,44886297,49900158,18.9,1488
,,22,44881968,49741960,18.2,1335
,,22,44886297,49408735,16.3,1254
,,22,45107125,49911222,17.8,1773
,,22,45437092,49900158,16.4,1632
,,22,45161740,50079434,18.3,1787
,,22,45119659,49877875,17.6,924
,,22,46258912,50108991,15.2,709
,,22,45119659,49900158,17.7,1385
,,22,44886297,49915072,18.9,484
,,22,44778738,50079434,20.1,522
,,22,45057826,49911222,18.1,948
,,22,45161740,49745407,16.9,1303
,,22,44886297,49512164,16.9,1308
,,22,45498115,49900158,16.2,1210
,,22,44886297,50079434,19.6,1892
,,22,45161740,49900158,17.5,1746
,,22,44886297,49319259,15.7,1223
,,22,44886297,49380656,16.1,1611
,,22,44886297,50079434,19.6,1796
,,22,45157103,49900158,17.6,1483
,,3,61495,5522945,16.7,1544
,,3,176647385,187004183,15.4,575
,,3,178173268,188662678,18.2,1218
,,3,178173268,188662678,18.2,1215
,,3,177932934,188662678,18.5,1230
,,18,7143714,13033053,18.4,1427
,,22,44886297,49900158,18.9,1424
,,18,69327605,75215111,17.7,1826
,,18,57634727,77997052,42.4,4898
,,16,80945538,85230723,15.9,1722
,,18,6107360,12415885,22.5,2049
,,18,63417004,77991527,32.1,2960
,,22,44886297,49900158,18.9,1424
,,22,45126775,49900158,17.7,1410
,,22,45446874,50345729,18.0,1226
,,22,46258912,50345729,15.9,1021
,,22,45048253,49911908,18.1,1383
,,22,44886297,49900158,18.9,1486
,,22,44881968,49592082,17.4,1306
,,22,44886297,49877875,18.8,1430
,,22,44842354,50582550,21.2,1427
,,22,44886297,49877875,18.8,1429
,,22,44886297,49900158,18.9,1488
,,22,44881968,49741960,18.2,1335
,,22,44886297,49408735,16.3,1254
,,22,45107125,49911222,17.8,1773
,,22,45437092,49900158,16.4,1632
,,22,45161740,50079434,18.3,1787
,,22,45119659,49877875,17.6,924
,,22,46258912,50108991,15.2,709
,,22,45119659,49900158,17.7,1385
,,22,44886297,49915072,18.9,484
,,22,44778738,50079434,20.1,522
,,22,45057826,49911222,18.1,948
,,22,45161740,49745407,16.9,1303
,,22,44886297,49512164,16.9,1308
,,22,45498115,49900158,16.2,1210
,,22,44886297,50079434,19.6,1892
,,22,45161740,49900158,17.5,1746
,,22,44886297,49319259,15.7,1223
,,22,44886297,49380656,16.1,1611
,,22,44886297,50079434,19.6,1796
,,22,45157103,49900158,17.6,1483
,,1,41032059,68105186,29.2,4892
,,22,45498003,49900158,16.2,1167
,,3,181954164,190722423,20.2,1694
,,3,176691296,190791994,24.9,2297
,,3,176750426,190722423,24.7,2275
,,3,176691296,188689987,20.0,1838
,,3,178105341,188397584,17.7,1590
,,3,176693589,189170348,21.1,2457
,,3,176691296,190593084,24.5,2152
,,3,176647385,187004183,15.4,575
,,3,178173268,188662678,18.2,1218
,,3,178173268,188662678,18.2,1215
,,3,177932934,188662678,18.5,1230
,,3,179460825,190865991,22.4,2463
,,3,176590693,190700956,24.9,886
,,4,169340639,184989565,25.8,2704
,,1,57400984,68105186,15.2,1939
,,1,57360450,68105186,15.3,1941
,,3,61495,5512860,16.6,1524
,,3,63411,5343801,16.2,938
,,3,61495,5277162,16.0,1753
,,22,44886297,50079434,19.6,1892
,,3,179619860,189553287,19.1,1638
,,8,76215616,119856209,31.9,5175
,,8,77118604,107214049,24.3,3676
,,8,77118604,101472510,17.1,2735
,,8,76226176,105696848,23.6,3444
,,8,76560454,126781758,43.2,6107
,,8,80290562,105409476,22.1,1013
,,8,76226176,123574070,36.5,5933
,,8,96204142,103591361,10.2,507
,,8,75659213,117630683,30.2,1535
,,8,78510649,105381212,22.4,3999
,,8,89763735,120218092,25.0,4562
,,8,80663308,101524955,16.0,2895
,,8,16870536,27479227,18.4,2571
,,13,105025012,110304057,15.2,1389
,,8,92295114,121603802,25.0,3578
,,19,15012726,35219548,21.5,1788
,,18,6040528,9814778,15.4,976
,,3,65289530,101911058,24.2,3743
,,11,19546520,29969227,15.4,1788
,,6,88891040,106536253,16.4,2240
,,18,57634727,77997052,42.4,4898
,,14,58295247,78779686,20.4,3861
,,1,171608466,193921548,17.4,2668
,,14,30985803,38991928,15.6,1495
,,14,58295247,78539977,20.1,3764
,,15,57750647,79999877,29.3,3819
,,19,45147719,55195013,30.8,2793
,,8,77118604,101472510,17.1,2734
,,19,7635856,15141624,14.3,1155
,,19,6944843,15143453,16.4,1315
,,6,143067927,157398175,19.4,2760
,,17,37036554,63111452,27.3,3149
,,20,24247556,41711226,10.3,1694
,,3,182970805,192028670,21.2,1782
,,1,201246636,211425658,15.4,1815
,,5,2908851,9997370,18.3,1738
,,9,19397040,38661416,22.4,3141
,,22,45161740,49745407,16.9,1303
,,14,29190652,34853118,13.7,1072
,,8,80663308,101524955,16.0,2895
,,19,6965278,15143453,16.3,1308
,,14,30043269,39319551,17.3,1071
,,14,29504355,40824636,18.5,2238
,,14,30985803,38991928,15.6,1495
,,14,29190652,34853118,13.7,1072
,,14,29504355,40164269,18.3,2076
,,2,208706437,231284556,31.5,3386
,,2,208716745,231683849,32.2,3695
,,15,94193200,98674403,15.6,1322
,,19,15093503,34429795,19.9,2581
,,1,90601007,113449627,22.5,3252
,,14,29230860,40342577,18.5,1712
A059102,,11,46231502,93767360,31.8,4836
A059102,,11,45711030,78973716,21.2,3170
A059102,,11,45949534,77178698,19.0,2594
A059102,,16,80419872,85296204,17.0,1820
A059102,,7,80611355,95697118,13.3,1831
A059102,,11,45239959,93787542,32.8,4973
A059102,,3,176647385,187004183,15.4,575
A059102,,5,79745469,97703974,16.3,1379
A059102,,11,45706453,93767360,32.1,4863
,,6,123865515,137363835,15.8,1976
,,6,124178280,137372463,15.3,644
,,13,91974018,99024955,10.3,385
,,6,123846449,137352519,15.8,576
,,15,51979674,64168647,15.6,2731
,,14,58046568,75045389,15.2,2991
,,6,107154445,136224650,25.6,3764
,,6,88891040,106536253,16.4,2240
,,6,76127504,101967710,17.9,3015
,,6,88973751,106548730,16.3,789
,,11,19580233,29872433,15.2,1768
,,3,178173268,188662678,18.2,1218
,,3,178173268,188662678,18.2,1215
,,8,98364203,121830295,19.1,3027
,,14,30985803,38991928,15.6,1495
,,6,88619412,107182045,17.9,2502
,,11,107430300,122204383,20.2,2479
,,19,6965278,15143453,16.3,1308
,,19,6944843,15143453,16.4,1315
,,11,100510448,122466121,25.2,3393
,,11,33961756,69351911,25.0,3604
,,15,46666881,61177888,15.5,2839
,,19,45147719,55195013,30.8,2793
,,17,37036554,63111452,27.3,3149
,,20,24247556,41711226,10.3,1694
,,3,63788094,87276699,23.1,3010
,,3,65289530,101911058,24.2,3743
,,3,62527223,73497023,17.7,2157
,,3,70229761,102058887,18.5,1037
,,3,8327085,21083986,18.3,2239
,,10,73729752,105246283,29.9,4396
,,15,66358474,81133856,17.8,2059
,,8,19039642,29394781,17.9,2188
,,2,208706437,231284556,31.5,3386
,,21,41297992,46655385,15.5,725
,,3,62574188,82010368,24.2,2942
,,1,40974156,62284504,22.0,3126
,,1,48053426,66691885,21.7,2935
,,1,53778904,68105186,20.7,2653
,,1,41032059,62284504,21.9,3118
,,1,57400984,68105186,15.2,1939
,,1,57360450,68105186,15.3,1941
,,1,57211976,68105186,15.5,1994
,,1,53901837,68401005,20.9,877
,,1,41255120,62109502,21.3,3613
,,1,43254108,60448209,17.2,2897
,,1,40974156,67352960,28.1,2719
,,1,53901837,64426469,16.2,637
,,1,43350603,66058513,24.5,4112
,,1,40974156,60474983,19.4,3301
,,1,48174867,62032669,15.8,2084
,,1,54354658,67937751,19.5,3001
,,1,53259950,68105186,21.3,1921
,,1,40974156,67937751,29.0,2783
,,1,40974156,60474983,19.4,3140
,,1,55261752,68105186,18.2,2829
,,1,52097580,68487020,22.6,946
,,1,41904847,62284504,20.9,2949
,,1,41032059,68105186,29.2,4892
,,8,19054974,29453239,17.9,2193
,,3,63411,5373391,16.3,1052
,,22,45057826,49911222,18.1,948
,,1,40974156,64555255,25.1,3308
,,18,6487465,12741370,21.4,1585
,,18,6040528,9814778,15.4,976
,,18,8446393,19654137,16.5,1408
,,18,6783759,10948635,16.3,1143
,,18,5181341,19558879,30.7,2729
,,18,6092335,12747012,22.8,574
,,18,6923291,12429202,18.8,1802
,,18,7383326,12747012,16.6,1635
,,18,5195573,9783269,18.4,1504
,,18,24062211,44216758,17.0,3300
,,18,6133402,11649014,21.1,1854
,,18,5985892,13033053,23.7,1158
,,18,7054431,20796504,23.9,1951
,,18,7192874,20796504,23.1,1906
,,18,7143714,13033053,18.4,1427
,,18,6107360,12415885,22.5,2049
,,18,6107360,11075734,19.6,1713
,,18,7132405,12834359,18.1,483
,,18,6107360,11649014,21.2,1870
,,11,19580233,29884984,15.2,2087
,,13,60184047,99001223,36.6,6372
,,22,45161740,50079434,18.3,1787
,,13,22397453,27445339,12.6,451
,,5,76868950,95508726,18.4,770
,,18,6001128,12399481,22.9,1709
,,16,6756396,16975959,20.0,2351
,,16,5711291,13638938,21.4,2774
,,16,105320,10706872,27.1,1687
,,16,101263,4942099,10.7,792
,,16,5685071,12640309,18.5,2041
,,10,90744325,108818287,16.3,2551
,,9,92515514,110210362,17.4,2495
,,16,79738625,85296204,18.1,1989
,,7,80611355,95697118,13.3,1831
,,12,25627916,54356389,21.9,3552
,,2,26199220,40135076,15.9,2498
,,6,124178280,137372463,15.3,644
,,13,91974018,99024955,10.3,385
,,1,211774350,229003739,16.3,3018
,,5,162736772,172038164,18.6,2281
,,5,127803816,157191954,28.4,5017
,,6,165632,5923152,16.8,1820
,,6,150727036,162646769,18.4,2975
,,7,32199098,41241212,10.5,1733
,,8,102516385,125968156,22.1,3719
,,10,126062763,130740976,12.4,1504
,,12,17564072,59286610,37.9,6878
,,15,71956136,89620670,18.0,3069
,,20,15631758,46268493,31.7,5379
,,6,99921822,117831565,15.6,2349
,,16,101263,5023521,10.8,797
,,16,5631166,12652425,18.7,2065
,,6,25674509,42940673,16.7,2244
,,6,25976927,42462055,15.4,6971
,,15,94328994,99290406,16.9,1268
,,14,30043269,39319551,17.3,1071
,,6,3302217,11516046,19.0,1819
,,6,3153383,11333684,19.1,1821
,,8,96204142,103591361,10.2,507
,,6,99921822,117831565,15.6,2349
,,9,77442616,89440597,18.2,722
,,5,76868950,95508726,18.4,770
,,6,25842605,42471579,15.6,3219
,,6,147912444,159007004,17.6,2232
,,3,61495,5332265,16.1,1493
,,17,13546,5645968,15.8,1106
,,22,44881968,49741960,18.2,1335
,,13,60965482,92371090,26.2,1208
,,5,79745469,97703974,16.3,1379
,,8,125951713,134932987,15.8,2286
,,5,76868950,95508726,18.4,770
,,11,19546520,29969227,15.4,1788
,,20,49687290,57196464,18.6,2324
,,16,79514155,85207028,18.6,2513
,,5,94316007,115120408,16.5,1856
,,15,46821267,64236441,19.5,3540
,,3,176590693,190700956,24.9,886
,,5,5790928,16408600,19.6,2390
,,2,39851566,62741416,21.2,3620
,,13,105025012,110304057,15.2,1389
,,12,118562757,128498837,17.7,1731
,,15,65335863,80033885,17.9,1988
,,14,30985803,38991928,15.6,1495
,,13,103828640,111153479,21.0,1948
,,15,46651153,62460328,17.7,2521
,,15,46666881,61177888,15.5,2839
,,15,51979674,64168647,15.6,2731
,,15,42085017,59770234,16.1,2601
,,15,48070793,64168647,17.8,3314
,,15,46821267,64236441,19.5,3540
,,9,3106474,9918976,15.9,2211
,,22,45119659,49877875,17.6,924
,,5,79745469,97703974,16.3,1379
,,14,21528248,29651984,16.7,1809
,,16,76055486,85226863,28.1,3108
,,15,42134301,60984270,17.6,2555
,,15,94187859,102385044,26.3,1880
,,15,94328994,99290406,16.9,1268
,,15,94193200,98674403,15.6,1322
,,15,94179432,102274497,26.1,549
,,15,94187859,100828865,20.4,556
,,15,94193200,102224341,25.7,1854
,,22,44886297,49900158,18.9,1424
,,22,45498003,49900158,16.2,1167
,,22,45446874,50345729,18.0,1226
,,22,46258912,50345729,15.9,1021
,,22,45048253,49911908,18.1,1383
,,22,44881968,49592082,17.4,1306
,,22,44886297,49877875,18.8,1430
,,22,44842354,50582550,21.2,1427
,,22,44886297,49877875,18.8,1429
,,22,44881968,49741960,18.2,1335
,,22,44886297,49408735,16.3,1254
,,22,45107125,49911222,17.8,1773
,,22,45437092,49900158,16.4,1632
,,22,45161740,50079434,18.3,1787
,,22,45119659,49877875,17.6,924
,,22,46258912,50108991,15.2,709
,,22,45119659,49900158,17.7,1385
,,22,44886297,49915072,18.9,484
,,22,44778738,50079434,20.1,522
,,22,45057826,49911222,18.1,948
,,22,45161740,49745407,16.9,1303
,,22,44886297,49512164,16.9,1308
,,22,45498115,49900158,16.2,1210
,,22,45161740,49900158,17.5,1746
,,22,44886297,49319259,15.7,1223
,,22,44886297,49380656,16.1,1611
,,22,44886297,50079434,19.6,1796
,,22,45157103,49900158,17.6,1483
,,6,147185851,158980351,18.4,2350
,,22,44886297,49900158,18.9,1486
,,5,4717060,16102201,22.7,2159
,,3,61495,5332265,16.1,1493
,,22,44886297,49900158,18.9,1488
,,3,61495,5512860,16.6,1524
,,1,43254108,60448209,17.2,2897
,,3,176647385,187004183,15.4,575
,,9,76246845,89142905,18.7,2337
,,22,44886297,50079434,19.6,1892
,,22,45126775,49900158,17.7,1410
,,22,44886297,49900158,18.9,1424
,,22,45498003,49900158,16.2,1167
,,22,45126775,49900158,17.7,1410
,,22,46258912,50345729,15.9,1021
,,22,45048253,49911908,18.1,1383
,,22,44881968,49592082,17.4,1306
,,22,44886297,49877875,18.8,1430
,,22,44842354,50582550,21.2,1427
,,22,44886297,49877875,18.8,1429
,,22,44881968,49741960,18.2,1335
,,22,44886297,49408735,16.3,1254
,,22,45107125,49911222,17.8,1773
,,22,45437092,49900158,16.4,1632
,,22,45161740,50079434,18.3,1787
,,22,45119659,49877875,17.6,924
,,22,46258912,50108991,15.2,709
,,22,45119659,49900158,17.7,1385
,,22,44886297,49915072,18.9,484
,,22,44778738,50079434,20.1,522
,,22,45057826,49911222,18.1,948
,,22,45161740,49745407,16.9,1303
,,22,44886297,49512164,16.9,1308
,,22,45498115,49900158,16.2,1210
,,22,45161740,49900158,17.5,1746
,,22,44886297,49319259,15.7,1223
,,22,44886297,49380656,16.1,1611
,,22,44886297,50079434,19.6,1796
,,22,45157103,49900158,17.6,1483
,,5,159320525,178719364,38.0,3657
,,22,44886297,49900158,18.9,1486
,,22,44886297,49900158,18.9,1488
,,1,57211976,68105186,15.5,1994
,,15,65335863,80033885,17.9,1988
,,8,108039422,126102820,16.6,2513
,,1,54354658,67937751,19.5,3001
,,5,8115307,16128234,14.3,1692
,,7,9521934,20737300,16.4,2779
,,22,44886297,50079434,19.6,1892
,,22,45446874,50345729,18.0,1226
,,19,6965278,15143453,16.3,1308
,,19,6944843,15143453,16.4,1315
,,11,45949534,77178698,19.0,2594
,,2,208706437,231284556,31.5,3386
,,2,208716745,231683849,32.2,3695
,,3,133701960,147794002,14.2,1858
,,16,105320,10706872,27.1,1687
,,19,7635856,15141624,14.3,1155
,,16,79143983,85230723,21.3,2203
,,16,81244502,85531362,15.5,1648
,,16,79738625,85296204,18.1,1989
,,16,80419872,85296204,17.0,1820
,,16,79143983,84724890,19.0,1998
,,16,80641397,85296204,16.7,574
,,16,79465800,85335951,19.2,675
,,16,79460198,85275835,19.0,671
,,16,79514155,85207028,18.6,2513
,,16,79130890,84069768,15.7,550
,,16,78958477,84623076,19.9,2365
,,16,78635695,85230723,24.7,2463
,,16,78629320,84729712,22.5,2822
,,16,76055486,85226863,28.1,3108
,,18,63417004,77991527,32.1,2960
,,1,53901837,68401005,20.9,877
,,19,45132364,56308689,34.6,3306
,,1,53901837,64426469,16.2,637
,,16,77888266,83324765,17.7,614
,,16,80945538,85230723,15.9,1722
,,19,6965278,15143453,16.3,1308
,,19,7635856,15141624,14.3,1155
,,17,37036554,63111452,27.3,3149
,,20,24247556,41711226,10.3,1694
,,3,182970805,192028670,21.2,1782
,,11,33961756,69351911,25.0,3604
,,9,19397040,38661416,22.4,3141
,,19,45132364,56308689,34.6,3306
,,7,40760498,73814702,25.1,1376
,,14,58046568,75045389,15.2,2991
,,14,29190652,34853118,13.7,1072
,,19,6944843,15143453,16.4,1315
,,16,79143983,85230723,21.3,2203
,,16,80945538,85230723,15.9,1722
,,16,79738625,85296204,18.1,1989
,,16,80419872,85296204,17.0,1820
,,16,79143983,84724890,19.0,1998
,,16,80641397,85296204,16.7,574
,,16,79465800,85335951,19.2,675
,,16,79460198,85275835,19.0,671
,,16,79514155,85207028,18.6,2513
,,16,78958477,84623076,19.9,2365
,,16,78635695,85230723,24.7,2463
,,16,78629320,84729712,22.5,2822
,,16,76055486,85226863,28.1,3108
,,22,45119659,49900158,17.7,1385
,,22,44886297,49915072,18.9,484
,,16,79130890,84069768,15.7,550
,,3,179460825,190865991,22.4,2463
,,16,81244502,85531362,15.5,1648
,,16,101263,5023521,10.8,797
,,16,5631166,12652425,18.7,2065
,,16,6756396,16975959,20.0,2351
,,16,5711291,13638938,21.4,2774
,,16,105320,10706872,27.1,1687
,,16,101263,4942099,10.7,792
,,16,5685071,12640309,18.5,2041
,,11,45949534,77178698,19.0,2594
,,6,8361391,17066353,16.6,1735
,,15,94193200,98674403,15.6,1322
,,19,41056792,48755267,11.0,735
,,8,75659213,117630683,30.2,1535
,,4,11414037,29060867,24.3,2823
,,13,105025012,110304057,15.2,1389
,,8,22784735,36986164,15.6,1994
,,8,22898222,36987204,15.4,2184
,,2,12581267,23095572,15.2,573
,,17,71703758,77430593,16.8,1585
,,3,63411,5373391,16.3,1052
,,6,38989385,47981686,15.7,2040
,,8,27878672,77270727,42.0,5389
MALIKA,,16,101263,5023521,10.8,797
MALIKA,,16,5631166,12652425,18.7,2065
MALIKA,,16,5711291,13638938,21.4,2774
MALIKA,,16,101263,4942099,10.7,792
MALIKA,,16,5685071,12640309,18.5,2041
MALIKA,,9,92515514,110210362,17.4,2495
MALIKA,,19,45202052,51954858,17.3,1652
MALIKA,,21,41297992,46655385,15.5,725
MALIKA,,16,105320,10706872,27.1,1687
MALIKA,,14,58295247,78539977,20.1,3764
MALIKA,,1,18527213,37548473,24.8,1024
MALIKA,,16,6756396,16975959,20.0,2351
,,6,147185851,158980351,18.4,2350
,,5,127803816,157191954,28.4,5017
,,6,165632,5923152,16.8,1820
,,6,150727036,162646769,18.4,2975
,,7,32199098,41241212,10.5,1733
,,8,102516385,125968156,22.1,3719
,,10,126062763,130740976,12.4,1504
,,12,17564072,59286610,37.9,6878
,,15,71956136,89620670,18.0,3069
,,20,15631758,46268493,31.7,5379
,,15,57725259,80014686,29.4,3347
,,11,45949534,77178698,19.0,2594
,,20,49687290,57196464,18.6,2324
,,19,45202052,51954858,17.3,1652
,,10,73828748,94881612,20.1,3704
,,20,49625623,57193906,18.8,2348
,,16,101263,4942099,10.7,792
,,16,5685071,12640309,18.5,2041
,,22,44886297,50079434,19.6,1892
,,7,115671435,138538228,22.5,1115
,,6,147912444,159007004,17.6,2232
,,22,44886297,49900158,18.9,1424
,,22,45498003,49900158,16.2,1167
,,22,45126775,49900158,17.7,1410
,,22,45446874,50345729,18.0,1226
,,22,45048253,49911908,18.1,1383
,,22,44886297,49900158,18.9,1486
,,22,44881968,49592082,17.4,1306
,,22,44886297,49877875,18.8,1430
,,22,44842354,50582550,21.2,1427
,,22,44886297,49877875,18.8,1429
,,22,44886297,49900158,18.9,1488
,,22,44881968,49741960,18.2,1335
,,22,44886297,49408735,16.3,1254
,,22,45107125,49911222,17.8,1773
,,22,45437092,49900158,16.4,1632
,,22,45161740,50079434,18.3,1787
,,22,45119659,49877875,17.6,924
,,22,46258912,50108991,15.2,709
,,22,45119659,49900158,17.7,1385
,,22,44886297,49915072,18.9,484
,,22,44778738,50079434,20.1,522
,,22,45057826,49911222,18.1,948
,,22,45161740,49745407,16.9,1303
,,22,44886297,49512164,16.9,1308
,,22,45498115,49900158,16.2,1210
,,22,44886297,50079434,19.6,1892
,,22,45161740,49900158,17.5,1746
,,22,44886297,49319259,15.7,1223
,,22,44886297,49380656,16.1,1611
,,22,44886297,50079434,19.6,1796
,,22,45157103,49900158,17.6,1483
,,3,61495,5490708,16.6,1534
,,5,159320525,178719364,38.0,3657
,,5,4717060,16102201,22.7,2159
,,5,8115307,16034232,14.1,1354
,,11,95040906,121266057,29.2,5085
,,8,106319151,126830010,19.5,1032
,,3,63411,5343801,16.2,938
,,22,46258912,50345729,15.9,1021
,,5,148114806,171335293,32.7,4045
,,5,168391942,178719364,25.3,2781
,,5,168514867,178503640,24.7,2628
,,17,72166941,76804108,11.9,1278
,,22,45446874,50345729,18.0,1226
,,22,46258912,50345729,15.9,1021
,,22,45048253,49911908,18.1,1383
,,15,57725259,80014686,29.4,3347
,,22,44842354,50582550,21.2,1427
,,18,6092335,12747012,22.8,574
,,22,45107125,49911222,17.8,1773
,,22,45437092,49900158,16.4,1632
,,20,49625623,57193906,18.8,2348
,,13,60965482,92371090,26.2,1208
,,22,45161740,50079434,18.3,1787
,,16,105320,10706872,27.1,1687
,,22,45119659,49900158,17.7,1385
,,22,45057826,49911222,18.1,948
,,14,30985803,38991928,15.6,1495
,,14,58295247,78539977,20.1,3764
,,22,44886297,50079434,19.6,1892
,,19,15012726,34069166,19.1,2479
,,22,45161740,49900158,17.5,1746
,,15,57750647,79999877,29.3,3819
,,22,45157103,49900158,17.6,1483
,,5,159320525,178719364,38.0,3657
,,5,4725405,16408600,23.2,2194
,,4,81209842,100045574,17.0,2180
,,11,19580233,30378559,15.5,1740
,,5,4872310,16158739,22.3,2229
,,12,53323694,79506862,25.5,2515
,,5,33375972,62369102,20.6,3113
,,18,4150108,8467173,17.9,1075
,,11,45711030,78973716,21.2,3170
,,18,8446393,19654137,16.5,1408
,,15,46651153,62460328,17.7,2521
,,18,5181341,19558879,30.7,2729
,,3,176693589,189170348,21.1,2457
,,5,94316007,115120408,16.5,1856
,,16,105320,10706872,27.1,1687
,,14,30985803,38991928,15.6,1495
,,8,75659213,117630683,30.2,1535
,,3,61495,5277162,16.0,1836
,,18,4339053,8468304,17.3,1022
,,11,45706453,93767360,32.1,4863
,,11,45711030,78973716,21.2,3170
,,11,45949534,77178698,19.0,2594
,,6,143067927,157398175,19.4,2760
,,7,80611355,95697118,13.3,1831
,,11,45239959,93787542,32.8,4973
,,15,66358474,81133856,17.8,2059
,,9,129777653,138913404,25.0,1891
,,18,44065959,59020960,19.6,3055
,,1,90125566,113284079,22.8,1043
,,18,7192874,20796504,23.1,1906
,,3,63411,5343801,16.2,938
,,3,61495,5277162,16.0,1753
,,11,46231502,93767360,31.8,4836
,,7,116895588,138013414,20.4,2675
,,7,115671435,138538228,22.5,1115
,,5,4725405,16408600,23.2,2194
,,15,94187859,102385044,26.3,1880
,,10,125262764,132749766,20.7,1975
,,4,135474690,156584397,22.1,2563
,,10,108216760,125192081,25.3,3720
,,14,58295247,78779686,20.4,3861
,,8,106319151,126830010,19.5,1032
,,14,58295247,78539977,20.1,3764
,,16,65877585,82068897,24.2,3771
,,7,116839950,138013414,20.4,3146
,,22,46360083,50315363,15.7,388
,,7,106306401,130589791,18.2,2451
,,21,41297992,46655385,15.5,725
,,11,124453666,134926754,23.1,2437
,,21,28196045,43102097,30.1,2897
,,19,41056792,48755267,11.0,735
,,14,58046568,75045389,15.2,2991
,,7,116839950,138013414,20.4,3146
,,21,41259941,46670874,15.7,1449
,,22,44886297,49900158,18.9,1424
,,22,45498003,49900158,16.2,1167
,,22,45126775,49900158,17.7,1410
,,22,45446874,50345729,18.0,1226
,,22,46258912,50345729,15.9,1021
,,22,44886297,49900158,18.9,1486
,,22,44881968,49592082,17.4,1306
,,22,44886297,49877875,18.8,1430
,,22,44842354,50582550,21.2,1427
,,22,44886297,49877875,18.8,1429
,,22,44886297,49900158,18.9,1488
,,22,44881968,49741960,18.2,1335
,,22,44886297,49408735,16.3,1254
,,22,45107125,49911222,17.8,1773
,,22,45437092,49900158,16.4,1632
,,22,45161740,50079434,18.3,1787
,,22,45119659,49877875,17.6,924
,,22,46258912,50108991,15.2,709
,,22,45119659,49900158,17.7,1385
,,22,44886297,49915072,18.9,484
,,22,44778738,50079434,20.1,522
,,22,45057826,49911222,18.1,948
,,22,45161740,49745407,16.9,1303
,,22,44886297,49512164,16.9,1308
,,22,45498115,49900158,16.2,1210
,,22,44886297,50079434,19.6,1892
,,22,45161740,49900158,17.5,1746
,,22,44886297,49319259,15.7,1223
,,22,44886297,49380656,16.1,1611
,,22,44886297,50079434,19.6,1796
,,22,45157103,49900158,17.6,1483
,,5,159320525,178719364,38.0,3657
,,11,45711030,78973716,21.2,3170
,,18,6487465,12741370,21.4,1585
,,15,57725259,80014686,29.4,3347
,,8,96232747,124865882,27.9,3900
,,14,21528248,29651984,16.7,1809
,,3,63411,5343801,16.2,938
,,3,61495,5277162,16.0,1753
,,18,7143714,13033053,18.4,1427
,,19,50289859,54443866,17.2,1250
,,20,51527356,58023771,17.6,773
,,18,7132405,12834359,18.1,483
,,22,45048253,49911908,18.1,1383
,,1,201246636,211425658,15.4,1815
,,2,208716745,231683849,32.2,3695
,,6,88973751,106548730,16.3,789
,,1,201067784,212457414,16.6,2152
,,17,131918,5616579,15.6,1097
,,17,13546,5645968,15.8,1106
,,17,228978,5855267,15.8,1347
,,17,207618,5636209,15.2,1382
,,17,13546,5616579,15.8,1314
,,9,92515514,110210362,17.4,2495
,,18,8446393,19654137,16.5,1408
,,9,129777653,138913404,25.0,1891
,,18,5181341,19558879,30.7,2729
,,17,13703203,32810443,21.7,722
,,6,3302217,11516046,19.0,1819
,,17,13546,5830838,16.4,1172
,,4,175273562,182813298,12.8,1387
,,3,179619860,189553287,19.1,1638
,,4,169340639,184989565,25.8,2704
,,1,40974156,64555255,25.1,3308
,,1,48053426,66691885,21.7,2935
,,1,53778904,68105186,20.7,2653
,,1,41032059,62284504,21.9,3118
,,1,53901837,68401005,20.9,877
,,1,41255120,62109502,21.3,3613
,,1,43254108,60448209,17.2,2897
,,1,40974156,67352960,28.1,2719
,,1,53901837,64426469,16.2,637
,,1,43350603,66058513,24.5,4112
,,1,40974156,60474983,19.4,3301
,,1,48174867,62032669,15.8,2084
,,1,54354658,67937751,19.5,3001
,,1,53259950,68105186,21.3,1921
,,1,40974156,67937751,29.0,2783
,,1,40974156,60474983,19.4,3140
,,1,55261752,68105186,18.2,2829
,,1,52097580,68487020,22.6,946
,,1,41904847,62284504,20.9,2949
,,1,41032059,68105186,29.2,4892
,,5,4725405,16408600,23.2,2194
,,1,57400984,68105186,15.2,1939
,,1,57360450,68105186,15.3,1941
,,5,4872310,16158739,22.3,2229
,,1,57211976,68105186,15.5,1994
,,3,176693589,189170348,21.1,2457
,,14,58295247,78779686,20.4,3861
,,3,178173268,188662678,18.2,1218
,,3,178173268,188662678,18.2,1215
,,22,45057826,49911222,18.1,948
,,16,78958477,84623076,19.9,2365
,,14,58295247,78539977,20.1,3764
,,1,40974156,62284504,22.0,3126
,,12,53323694,79506862,25.5,2515
,,1,171735198,195923038,18.6,901
,,12,54134291,79595885,24.7,1170
,,14,76989856,90539350,15.9,2016
,,21,28196045,43102097,30.1,2897
,,4,184517243,190872778,18.6,1419
,,11,100271469,122675454,26.1,1239
,,15,87531281,94522459,17.0,565
,,15,57750647,79999877,29.3,3819
,,12,65827996,80556864,15.7,2291
,,5,8115307,16054101,14.1,1359
,,5,4717060,16102201,22.7,2159
,,5,4872310,16158739,22.3,2229
,,5,8115307,16034232,14.1,1354
,,5,6249440,16034232,17.8,758
,,5,8319421,16829132,15.2,484
,,5,6985430,16128234,16.4,1652
,,5,6922386,16034232,16.4,1085
,,5,8115307,16128234,14.3,1692
,,5,4872310,16110431,22.2,2662
,,5,5769499,16081670,19.1,631
,,5,5790928,16408600,19.6,2390
,,5,33375972,62369102,20.6,3113
,,7,106306401,130589791,18.2,2451
,,1,40974156,62284504,22.0,3126
,,1,41032059,62284504,21.9,3118
,,18,6923291,12429202,18.8,1802
,,9,77406281,89199498,17.7,1278
,,14,63526171,78568445,16.3,1624
,,5,4725405,16408600,23.2,2194
,,11,45706453,93767360,32.1,4863
,,11,46231502,93767360,31.8,4836
,,11,45949534,77178698,19.0,2594
,,18,4339053,8468304,17.3,1022
,,22,45048253,49911908,18.1,1383
,,8,77118604,107214049,24.3,3676
,,11,45239959,93787542,32.8,4973
,,9,115781111,127821778,16.2,2463
,,2,12581267,23095572,15.2,573
,,4,134784379,156555835,22.5,926
,,5,162677234,172038164,18.7,2290
,,8,98364203,121830295,19.1,3027
,,11,45711030,78973716,21.2,3170
,,10,95064137,117854042,22.8,3496
,,14,48994889,58295247,11.7,1711
,,16,101263,5023521,10.8,797
,,16,5631166,12652425,18.7,2065
,,18,8446393,19654137,16.5,1408
,,18,5181341,19558879,30.7,2729
,,18,6923291,12429202,18.8,1802
,,17,13703203,32810443,21.7,722
,,6,3302217,11516046,19.0,1819
,,6,3153383,11333684,19.1,1821
,,1,211774350,229003739,16.3,3018
,,16,101263,4942099,10.7,792
,,16,5685071,12640309,18.5,2041
,,10,90744325,108818287,16.3,2551
,,15,94193200,102224341,25.7,1854
,,15,94328994,99290406,16.9,1268
,,15,94193200,98674403,15.6,1322
,,15,94179432,102274497,26.1,549
,,15,94187859,100828865,20.4,556
,,7,106306401,130589791,18.2,2451
,,7,40809143,69238158,20.5,2876
,,8,51564759,62723254,12.4,1477
,,18,67943953,75838302,21.1,1864
,,8,76560454,126781758,43.2,6107
,,15,59478485,70516482,16.0,1825
,,9,129777653,138913404,25.0,1891
,,18,8440292,11675256,10.5,1134
,,8,22898222,36987204,15.4,2184
,,10,108216760,125192081,25.3,3720
,,8,16690648,29266126,22.5,999
,,16,79130890,84069768,15.7,550
,,22,44886297,49512164,16.9,1308
,,20,51527356,58023771,17.6,773
,,15,94187859,102385044,26.3,1880
,,4,11328556,30645543,25.8,3357
,,8,27878672,77270727,42.0,5389
,,9,129777653,138913404,25.0,1891
,,5,94316007,115120408,16.5,1856
,,11,100271469,122675454,26.1,1239
,,4,24728480,37524958,15.3,1881
,,18,7132405,12834359,18.1,483
,,4,11414037,29060867,24.3,2823
,,5,4725405,16408600,23.2,2194
,,5,4717060,16102201,22.7,2159
,,5,4872310,16158739,22.3,2229
,,5,8115307,16034232,14.1,1354
,,5,6249440,16034232,17.8,758
,,5,8319421,16829132,15.2,484
,,5,6985430,16128234,16.4,1652
,,5,6922386,16034232,16.4,1085
,,5,8115307,16128234,14.3,1692
,,5,4872310,16110431,22.2,2662
,,5,5769499,16081670,19.1,631
,,5,5790928,16408600,19.6,2390
,,9,115781111,129166088,17.3,2287
,,15,94328994,99290406,16.9,1268
,,16,80641397,85296204,16.7,574
,,18,7054431,20796504,23.9,1951
,,18,7192874,20796504,23.1,1906
,,5,8115307,16054101,14.1,1359
,,8,16870536,27479227,18.4,2571
,,22,44881968,49741960,18.2,1335
,,18,6783759,10948635,16.3,1143
,,6,32737494,48162231,22.2,3836
,,7,115671435,138538228,22.5,1115
,,14,96130617,107143294,23.5,1730
,,22,44886297,49900158,18.9,1424
,,22,45498003,49900158,16.2,1167
,,22,46258912,50345729,15.9,1021
,,22,45048253,49911908,18.1,1383
,,22,44881968,49592082,17.4,1306
,,22,44886297,49877875,18.8,1430
,,22,44842354,50582550,21.2,1427
,,22,44886297,49877875,18.8,1429
,,22,44886297,49900158,18.9,1488
,,22,44881968,49741960,18.2,1335
,,22,44886297,49408735,16.3,1254
,,22,45107125,49911222,17.8,1773
,,22,45437092,49900158,16.4,1632
,,22,45161740,50079434,18.3,1787
,,22,45119659,49877875,17.6,924
,,22,45119659,49900158,17.7,1385
,,22,44886297,49915072,18.9,484
,,22,44778738,50079434,20.1,522
,,22,45057826,49911222,18.1,948
,,22,44886297,49512164,16.9,1308
,,22,45498115,49900158,16.2,1210
,,22,44886297,50079434,19.6,1892
,,22,44886297,49319259,15.7,1223
,,22,44886297,49380656,16.1,1611
,,22,44886297,50079434,19.6,1796
,,22,45157103,49900158,17.6,1483
,,22,45126775,49900158,17.7,1410
,,22,45446874,50345729,18.0,1226
,,9,115781111,129166088,17.3,2287
,,3,61495,5522945,16.7,1544
,,3,176750426,190722423,24.7,2275
,,3,61495,5512860,16.6,1524
,,1,48174867,62032669,15.8,2084
,,22,45161740,49745407,16.9,1303
,,22,45161740,49900158,17.5,1746
,,22,44886297,49900158,18.9,1486
,,9,19397040,38661416,22.4,3141
,,19,45202052,51954858,17.3,1652
,,17,63531331,71848982,16.6,2018
,,1,52097580,68487020,22.6,946
,,1,41032059,68105186,29.2,4892
,,19,45147719,55195013,30.8,2793
,,6,55766417,90683587,18.1,3195
,,8,77118604,101472510,17.1,2734
,,8,77118604,107214049,24.3,3676
,,8,77118604,101472510,17.1,2735
,,8,98987918,126843414,28.2,3635
,,8,76226176,105696848,23.6,3444
,,8,92295114,121603802,25.0,3578
,,8,76560454,126781758,43.2,6107
,,8,96232747,124865882,27.9,3900
,,8,80290562,105409476,22.1,1013
,,8,76226176,123574070,36.5,5933
,,8,96204142,103591361,10.2,507
,,8,98364203,121830295,19.1,3027
,,8,75659213,117630683,30.2,1535
,,8,94999197,120435705,22.0,3949
,,8,78510649,105381212,22.4,3999
,,8,89763735,120218092,25.0,4562
,,8,80663308,101524955,16.0,2895
,,9,128928087,139709976,28.2,2134
,,8,103529405,126781758,21.4,2992
,,3,8316110,20996215,18.2,2255
,,11,19580233,29884984,15.2,2087
,,8,106319151,126830010,19.5,1032
,,17,13546,5616579,15.8,1314
,,8,76215616,119856209,31.9,5175
,,17,42892795,63090555,22.8,3220
,,1,48174867,62032669,15.8,2084
,,15,61103590,71927201,16.5,1884
,,7,173599,8215475,13.9,1837
,,22,44778738,50079434,20.1,522
,,12,125198575,128546979,10.9,1078
,,8,75939401,102627955,20.0,2966
,,8,77118604,101472510,17.1,2734
,,8,76215616,119856209,31.9,5175
,,8,77118604,101472510,17.1,2735
,,8,76226176,105696848,23.6,3444
,,8,92295114,121603802,25.0,3578
,,8,76560454,126781758,43.2,6107
,,8,96232747,124865882,27.9,3900
,,8,80290562,105409476,22.1,1013
,,8,76226176,123574070,36.5,5933
,,8,96204142,103591361,10.2,507
,,8,75659213,117630683,30.2,1535
,,8,94999197,120435705,22.0,3949
,,8,78510649,105381212,22.4,3999
,,8,89763735,120218092,25.0,4562
,,8,80663308,101524955,16.0,2895
,,11,45711030,78973716,21.2,3170
,,8,98987918,126843414,28.2,3635
,,9,19397040,38661416,22.4,3141
,,8,98364203,121830295,19.1,3027
,,8,16655774,25889446,16.4,2395
,,12,121600529,129615327,19.7,2207
,,9,134212428,139077343,16.8,1533
,,8,77118604,107214049,24.3,3676
,,8,77118604,101472510,17.1,2734
,,8,76215616,119856209,31.9,5175
,,8,77118604,107214049,24.3,3676
,,8,76226176,105696848,23.6,3444
,,8,76560454,126781758,43.2,6107
,,8,80290562,105409476,22.1,1013
,,8,76226176,123574070,36.5,5933
,,8,96204142,103591361,10.2,507
,,8,75659213,117630683,30.2,1535
,,8,78510649,105381212,22.4,3999
,,8,89763735,120218092,25.0,4562
,,8,80663308,101524955,16.0,2895
,,8,92295114,121603802,25.0,3578
,,19,15012726,35219548,21.5,1788
,,18,6040528,9814778,15.4,976
,,11,19546520,29969227,15.4,1788
,,18,57634727,77997052,42.4,4898
,,14,58295247,78779686,20.4,3861
,,1,171608466,193921548,17.4,2668
,,14,30985803,38991928,15.6,1495
,,14,58295247,78539977,20.1,3764
,,15,57750647,79999877,29.3,3819
,,8,77118604,101472510,17.1,2735
,,9,129777653,138913404,25.0,1891
,,9,133981491,139077343,17.3,711
,,9,134212428,139077343,16.8,1533
,,8,76215616,119856209,31.9,5175
,,3,181954164,190722423,20.2,1694
,,18,4150108,8467173,17.9,1075
,,12,118562757,128498837,17.7,1731
,,13,60184047,99001223,36.6,6372
,,9,119990164,133888771,19.3,1523
,,14,30985803,38991928,15.6,1495
,,5,5769499,16081670,19.1,631
,,8,78510649,105381212,22.4,3999
,,9,128928087,139709976,28.2,2134
,,16,101263,5023521,10.8,797
,,16,5631166,12652425,18.7,2065
,,5,33375972,62369102,20.6,3113
,,1,41032059,62284504,21.9,3118
,,8,76560454,126781758,43.2,6107
,,11,19580233,29884984,15.2,2087
,,1,55261752,68105186,18.2,2829
,,15,94187859,100828865,20.4,556
,,3,61495,5492484,16.6,1554
,,22,44886297,50079434,19.6,1892
,,15,48070793,64168647,17.8,3314
,,17,13546,5830838,16.4,1172
,,17,13546,5645968,15.8,1106
,,17,228978,5855267,15.8,1347
,,17,207618,5636209,15.2,1382
,,17,13546,5616579,15.8,1314
,,11,33961756,69351911,25.0,3604
,,10,108216760,125192081,25.3,3720
,,17,71458742,77379107,17.6,964
,,1,20793015,37534255,20.0,1583
,,22,44886297,50079434,19.6,1892
,,17,131918,5616579,15.6,1097
,,8,98987918,126843414,28.2,3635
,,8,92295114,121603802,25.0,3578
,,8,76560454,126781758,43.2,6107
,,8,96232747,124865882,27.9,3900
,,8,76226176,123574070,36.5,5933
,,8,98364203,121830295,19.1,3027
,,8,106319151,126830010,19.5,1032
,,8,94999197,120435705,22.0,3949
,,8,89763735,120218092,25.0,4562
,,8,76215616,119856209,31.9,5175
,,3,8316110,20996215,18.2,2255
,,1,53778904,68105186,20.7,2653
,,4,178221198,185361242,16.8,1593
,,18,67943953,75838302,21.1,1864
,,9,129777653,138913404,25.0,1891
,,6,3153383,11333684,19.1,1821
,,8,96204142,103591361,10.2,507
,,19,41056792,48755267,11.0,735
,,8,75659213,117630683,30.2,1535
,,8,103529405,126781758,21.4,2992
,,19,41056792,48755267,11.0,735
,,5,94316007,115120408,16.5,1856
,,19,50289859,54443866,17.2,1250
,,7,80611355,95697118,13.3,1831
,,19,15012726,35219548,21.5,1788
,,3,2195312,5791627,12.5,1333
,,11,32571594,44705461,14.9,2329
,,12,15235173,25243893,13.9,2152
,,12,51713586,99135638,46.5,7962
,,18,49488572,67084661,25.5,3504
,,1,211774350,229003739,16.3,3018
,,18,5195573,9783269,18.4,1504
,,18,24062211,44216758,17.0,3300
,,3,61495,5337127,16.2,1673
,,3,63411,5343801,16.2,938
,,22,45057826,49911222,18.1,948
,,3,61495,5277162,16.0,1753
,,5,127803816,157191954,28.4,5017
,,6,165632,5923152,16.8,1820
,,6,150727036,162646769,18.4,2975
,,7,32199098,41241212,10.5,1733
,,8,102516385,125968156,22.1,3719
,,10,126062763,130740976,12.4,1504
,,12,17564072,59286610,37.9,6878
,,15,71956136,89620670,18.0,3069
,,20,15631758,46268493,31.7,5379
,,5,61749048,80399926,20.0,2728
,,5,94610224,115285650,16.5,2675
,,19,39528932,55728651,39.7,3046
,,1,40974156,64555255,25.1,3308
,,1,40974156,62284504,22.0,3126
,,1,53778904,68105186,20.7,2653
,,1,41032059,62284504,21.9,3118
,,1,57400984,68105186,15.2,1939
,,1,57360450,68105186,15.3,1941
,,1,57211976,68105186,15.5,1994
,,1,53901837,68401005,20.9,877
,,1,41255120,62109502,21.3,3613
,,1,43254108,60448209,17.2,2897
,,1,40974156,67352960,28.1,2719
,,1,53901837,64426469,16.2,637
,,1,43350603,66058513,24.5,4112
,,1,40974156,60474983,19.4,3301
,,1,48174867,62032669,15.8,2084
,,1,54354658,67937751,19.5,3001
,,1,53259950,68105186,21.3,1921
,,1,40974156,67937751,29.0,2783
,,1,40974156,60474983,19.4,3140
,,1,55261752,68105186,18.2,2829
,,1,52097580,68487020,22.6,946
,,1,41904847,62284504,20.9,2949
,,1,41032059,68105186,29.2,4892
,,3,61495,5345166,16.2,1495
,,7,116895588,138013414,20.4,2675
,,11,19569074,30047512,15.4,1927
,,16,76055486,85226863,28.1,3108
,,22,44886297,49512164,16.9,1308
,,1,48053426,66691885,21.7,2935
,,11,107430300,122204383,20.2,2479
,,16,101263,5023521,10.8,797
,,16,5631166,12652425,18.7,2065
,,16,6756396,16975959,20.0,2351
,,17,13546,5830838,16.4,1172
,,11,100510448,122466121,25.2,3393
,,17,13546,5645968,15.8,1106
,,11,19580233,29884984,15.2,2087
,,9,77404435,89336987,18.0,720
,,9,92515514,110210362,17.4,2495
,,8,16690648,27458294,18.7,2622
,,8,19039642,29394781,17.9,2188
,,8,19054974,29453239,17.9,2193
,,8,16690648,29266126,22.5,999
,,8,16655774,25889446,16.4,2395
,,8,16796681,25242876,15.3,2466
,,8,77118604,101472510,17.1,2734
,,14,96130617,107143294,23.5,1730
,,1,57360450,68105186,15.3,1941
,,4,81209842,100045574,17.0,2180
,,18,8440292,11675256,10.5,1134
,,5,79745469,97703974,16.3,1379
,,12,191619,10858817,25.6,2874
,,7,115671435,138538228,22.5,1115
,,8,16870536,27479227,18.4,2571
,,13,103828640,111153479,21.0,1948
,,8,77118604,101472510,17.1,2734
,,8,27878672,77270727,42.0,5389
,,9,115938750,129059870,16.9,2689
,,15,87531281,94522459,17.0,565
,,13,105025012,110304057,15.2,1389
,,4,169340639,184989565,25.8,2704
,,11,100271469,122675454,26.1,1239
,,19,15089173,34735393,20.6,2637
,,4,175273562,182813298,12.8,1387
,,19,6965278,15143453,16.3,1308
,,19,6944843,15143453,16.4,1315
,,3,178105341,188397584,17.7,1590
,,5,6249440,16034232,17.8,758
,,1,43254108,60448209,17.2,2897
,,18,8440292,11675256,10.5,1134
,,6,88973751,106548730,16.3,789
,,17,63531331,71848982,16.6,2018
,,16,62571383,86114829,42.1,1632
,,4,24728480,37524958,15.3,1881
,,1,41032059,68105186,29.2,4892
,,3,182970805,192028670,21.2,1782
,,3,8327085,21083986,18.3,2239
,,3,8095826,20996215,18.8,2270
,,3,8316110,20996363,18.2,2792
,,8,76215616,119856209,31.9,5175
,,8,103529405,126781758,21.4,2992
,,18,6133402,11649014,21.1,1854
,,5,6922386,16034232,16.4,1085
,,1,90601007,113449627,22.5,3252
,,3,8316110,20996215,18.2,2255
,,11,107430300,122204383,20.2,2479
,,11,100271469,122675454,26.1,1239
,,6,147185851,158980351,18.4,2350
,,17,37036554,63111452,27.3,3149
,,20,24247556,41711226,10.3,1694
,,9,92515514,110210362,17.4,2495
,,12,118562757,128498837,17.7,1731
,,11,19580233,30378559,15.5,1740
,,12,125269323,128642674,11.2,859
,,6,3302217,11516046,19.0,1819
,,19,41056792,48755267,11.0,735
,,7,116895588,138013414,20.4,2675
,,14,30985803,38991928,15.6,1495
,,5,127803816,157191954,28.4,5017
,,6,165632,5923152,16.8,1820
,,6,150727036,162646769,18.4,2975
,,7,32199098,41241212,10.5,1733
,,8,102516385,125968156,22.1,3719
,,10,126062763,130740976,12.4,1504
,,12,17564072,59286610,37.9,6878
,,15,71956136,89620670,18.0,3069
,,20,15631758,46268493,31.7,5379
,,12,125198575,128546979,10.9,1078
,,13,23396326,30047005,15.7,547
,,19,45147719,55195013,30.8,2793
,,11,100510448,122466121,25.2,3393
,,8,76215616,119856209,31.9,5175
,,8,103529405,126781758,21.4,2992
,,8,92295114,121603802,25.0,3578
,,8,76560454,126781758,43.2,6107
,,8,96232747,124865882,27.9,3900
,,8,76226176,123574070,36.5,5933
,,8,98364203,121830295,19.1,3027
,,8,106319151,126830010,19.5,1032
,,8,75659213,117630683,30.2,1535
,,8,94999197,120435705,22.0,3949
,,8,89763735,120218092,25.0,4562
,,8,77118604,107214049,24.3,3676
,,8,76226176,105696848,23.6,3444
,,9,3106474,9918976,15.9,2211
,,18,69327605,75215111,17.7,1826
,,13,60965482,92371090,26.2,1208
,,8,96204142,103591361,10.2,507
,,7,116895588,138013414,20.4,2675
,,9,76246845,89142905,18.7,2337
,,8,78510649,105381212,22.4,3999
,,6,38989385,47981686,15.7,2040
,,8,98987918,126843414,28.2,3635
,,3,8316110,20996215,18.2,2255
,,3,8095826,20996215,18.8,2270
,,3,8316110,20996363,18.2,2792
,,5,148114806,171335293,32.7,4045
,,3,62574188,82010368,24.2,2942
,,6,143083063,158486110,20.4,2886
,,3,65289530,101911058,24.2,3743
,,4,135474690,156584397,22.1,2563
,,16,72931085,81762739,19.4,2188
,,3,62527223,73497023,17.7,2157
,,7,42131390,76751658,25.7,1189
,,4,135475307,156575786,22.0,1754
,,18,7192874,20796504,23.1,1906
,,11,93637839,117960138,26.0,4196
,,8,106319151,126830010,19.5,1032
,,13,22397453,27445339,12.6,451
,,16,101263,4942099,10.7,792
,,16,5685071,12640309,18.5,2041
,,13,74860476,99025982,24.4,3397
,,3,8327085,21083986,18.3,2239
,,3,179619860,189553287,19.1,1638
,,3,176691296,190791994,24.9,2297
,,3,176750426,190722423,24.7,2275
,,3,176691296,188689987,20.0,1838
,,3,178105341,188397584,17.7,1590
,,3,176693589,189170348,21.1,2457
,,3,176691296,190593084,24.5,2152
,,3,176647385,187004183,15.4,575
,,3,178173268,188662678,18.2,1218
,,3,178173268,188662678,18.2,1215
,,3,177932934,188662678,18.5,1230
,,3,179460825,190865991,22.4,2463
,,3,176590693,190700956,24.9,886
,,9,128928087,139709976,28.2,2134
,,22,44886297,49900158,18.9,1488
,,5,8115307,16034232,14.1,1354
,,16,79460198,85275835,19.0,671
,,16,77888266,83324765,17.7,614
,,11,95040906,121266057,29.2,5085
,,22,44778738,50079434,20.1,522
,,3,181954164,190722423,20.2,1694
,,9,115938750,129059870,16.9,2689
,,9,115781111,127821778,16.2,2463
,,9,119990164,133888771,19.3,1523
,,5,8115307,16054101,14.1,1359
,,22,44886297,49900158,18.9,1486
,,22,44886297,49900158,18.9,1488
,,9,129777653,138913404,25.0,1891
,,20,49687290,57196464,18.6,2324
,,18,5195573,9783269,18.4,1504
,,18,24062211,44216758,17.0,3300
,,16,79514155,85207028,18.6,2513
,,18,6107360,12415885,22.5,2049
,,15,54796677,81132202,32.6,4807
,,9,115781111,129166088,17.3,2287
,,1,37242743,60460443,26.1,4048
,,21,28196045,43102097,30.1,2897
,,18,6040528,9814778,15.4,976
,,3,176750426,190722423,24.7,2275
,,17,13546,5645968,15.8,1106
,,1,171608466,193921548,17.4,2668
,,5,2689047,9978292,18.8,2230
,,1,36887163,53259950,15.2,1959
,,1,40974156,64555255,25.1,3308
,,1,40974156,62284504,22.0,3126
,,1,48053426,66691885,21.7,2935
,,1,41032059,62284504,21.9,3118
,,1,57400984,68105186,15.2,1939
,,1,57360450,68105186,15.3,1941
,,1,57211976,68105186,15.5,1994
,,1,53901837,68401005,20.9,877
,,1,41255120,62109502,21.3,3613
,,1,43254108,60448209,17.2,2897
,,1,40974156,67352960,28.1,2719
,,1,53901837,64426469,16.2,637
,,1,43350603,66058513,24.5,4112
,,1,40974156,60474983,19.4,3301
,,1,48174867,62032669,15.8,2084
,,1,54354658,67937751,19.5,3001
,,1,53259950,68105186,21.3,1921
,,1,40974156,67937751,29.0,2783
,,1,40974156,60474983,19.4,3140
,,1,55261752,68105186,18.2,2829
,,1,52097580,68487020,22.6,946
,,1,41904847,62284504,20.9,2949
,,1,41032059,68105186,29.2,4892
,,8,103529405,126781758,21.4,2992
,,11,19546520,29969227,15.4,1788
,,22,44881968,49741960,18.2,1335
,,16,79460198,85275835,19.0,671
,,16,77888266,83324765,17.7,614
,,3,176647385,187004183,15.4,575
,,22,45119659,49877875,17.6,924
,,3,63411,5343801,16.2,938
,,18,13775272,59420763,45.1,1924
,,1,53778904,68105186,20.7,2653
,,5,4725405,16408600,23.2,2194
,,5,8115307,16054101,14.1,1359
,,5,4872310,16158739,22.3,2229
,,5,8115307,16034232,14.1,1354
,,5,6249440,16034232,17.8,758
,,5,8319421,16829132,15.2,484
,,5,6985430,16128234,16.4,1652
,,5,6922386,16034232,16.4,1085
,,5,8115307,16128234,14.3,1692
,,5,4872310,16110431,22.2,2662
,,5,5769499,16081670,19.1,631
,,5,5790928,16408600,19.6,2390
,,3,61495,5490708,16.6,1534
,,22,45126775,49900158,17.7,1410
,,22,46258912,50345729,15.9,1021
,,1,57400984,68105186,15.2,1939
,,1,57360450,68105186,15.3,1941
,,3,61495,5522945,16.7,1544
,,22,45107125,49911222,17.8,1773
,,1,40974156,60474983,19.4,3140
,,1,55261752,68105186,18.2,2829
,,14,30985803,38991928,15.6,1495
,,1,41904847,62284504,20.9,2949
,,5,4717060,16102201,22.7,2159
,,16,79143983,85230723,21.3,2203
,,6,143067927,157398175,19.4,2760
,,21,41259941,46670874,15.7,1449
,,6,143083063,158486110,20.4,2886
,,18,6040528,9814778,15.4,976
,,18,6923291,12429202,18.8,1802
,,9,115781111,127821778,16.2,2463
,,3,63411,5343801,16.2,938
,,3,61495,5277162,16.0,1753
,,9,76246845,89142905,18.7,2337
,,5,5769499,16081670,19.1,631
,,5,168514867,178503640,24.7,2628
,,17,72166941,76804108,11.9,1278
,,11,124453666,134926754,23.1,2437
,,3,62574188,82010368,24.2,2942
,,3,65289530,101911058,24.2,3743
,,3,62527223,73497023,17.7,2157
,,3,70229761,102058887,18.5,1037
,,6,123865515,137363835,15.8,1976
,,1,41255120,62109502,21.3,3613
,,10,108216760,125192081,25.3,3720
,,9,119990164,133888771,19.3,1523
,,15,61103590,71927201,16.5,1884
,,5,79745469,97703974,16.3,1379
,,7,173599,8215475,13.9,1837
,,14,58295247,76871801,17.6,2643
,,22,44886297,50079434,19.6,1892
,,22,46360083,50315363,15.7,388
,,3,63788094,87276699,23.1,3010
,,9,3106474,9918976,15.9,2211
,,22,45161740,49745407,16.9,1303
,,16,65877585,82068897,24.2,3771
,,17,13546,5616579,15.8,1314
,,9,77442616,89440597,18.2,722
,,16,53416622,66053401,18.3,2148
,,8,77118604,101472510,17.1,2734
,,8,76215616,119856209,31.9,5175
,,8,77118604,107214049,24.3,3676
,,8,77118604,101472510,17.1,2735
,,8,92295114,121603802,25.0,3578
,,8,76560454,126781758,43.2,6107
,,8,96232747,124865882,27.9,3900
,,8,80290562,105409476,22.1,1013
,,8,76226176,123574070,36.5,5933
,,8,96204142,103591361,10.2,507
,,8,75659213,117630683,30.2,1535
,,8,94999197,120435705,22.0,3949
,,8,78510649,105381212,22.4,3999
,,8,89763735,120218092,25.0,4562
,,8,80663308,101524955,16.0,2895
,,8,98987918,126843414,28.2,3635
,,8,98364203,121830295,19.1,3027
,,8,76226176,105696848,23.6,3444
,,16,79143983,85230723,21.3,2203
,,16,80945538,85230723,15.9,1722
,,16,81244502,85531362,15.5,1648
,,16,80419872,85296204,17.0,1820
,,16,79143983,84724890,19.0,1998
,,16,80641397,85296204,16.7,574
,,16,79465800,85335951,19.2,675
,,16,79460198,85275835,19.0,671
,,16,77888266,83324765,17.7,614
,,16,79514155,85207028,18.6,2513
,,16,79130890,84069768,15.7,550
,,16,78958477,84623076,19.9,2365
,,16,78635695,85230723,24.7,2463
,,16,78629320,84729712,22.5,2822
,,16,76055486,85226863,28.1,3108
,,16,101263,5023521,10.8,797
,,16,5631166,12652425,18.7,2065
,,16,79305577,83040846,10.7,1167
,,14,21528248,29651984,16.7,1809
,,22,45498115,49900158,16.2,1210
,,22,44886297,50079434,19.6,1892
,,16,79738625,85296204,18.1,1989
,,3,179619860,189553287,19.1,1638
,,3,181954164,190722423,20.2,1694
,,3,176750426,190722423,24.7,2275
,,3,176691296,188689987,20.0,1838
,,3,178105341,188397584,17.7,1590
,,3,176693589,189170348,21.1,2457
,,3,176691296,190593084,24.5,2152
,,3,176647385,187004183,15.4,575
,,3,178173268,188662678,18.2,1218
,,3,178173268,188662678,18.2,1215
,,3,177932934,188662678,18.5,1230
,,3,179460825,190865991,22.4,2463
,,3,176590693,190700956,24.9,886
,,3,61495,5490708,16.6,1534
,,3,2195312,5791627,12.5,1333
,,11,32571594,44705461,14.9,2329
,,12,15235173,25243893,13.9,2152
,,12,51713586,99135638,46.5,7962
,,18,49488572,67084661,25.5,3504
,,22,44886297,49915072,18.9,484
,,16,79130890,84069768,15.7,550
,,22,45057826,49911222,18.1,948
,,15,54796677,81132202,32.6,4807
,,3,176691296,190791994,24.9,2297
,,8,103529405,126781758,21.4,2992
,,12,118562757,128498837,17.7,1731
,,18,67943953,75838302,21.1,1864
,,20,49687290,57196464,18.6,2324
,,14,58046568,75045389,15.2,2991
,,4,178221198,185361242,16.8,1593
,,22,44886297,49900158,18.9,1424
,,22,45498003,49900158,16.2,1167
,,22,45126775,49900158,17.7,1410
,,22,45446874,50345729,18.0,1226
,,22,46258912,50345729,15.9,1021
,,22,45048253,49911908,18.1,1383
,,22,44886297,49900158,18.9,1486
,,22,44886297,49877875,18.8,1430
,,22,44842354,50582550,21.2,1427
,,22,44886297,49877875,18.8,1429
,,22,44886297,49900158,18.9,1488
,,22,44881968,49741960,18.2,1335
,,22,44886297,49408735,16.3,1254
,,22,45107125,49911222,17.8,1773
,,22,45437092,49900158,16.4,1632
,,22,45161740,50079434,18.3,1787
,,22,45119659,49877875,17.6,924
,,22,46258912,50108991,15.2,709
,,22,45119659,49900158,17.7,1385
,,22,44886297,49915072,18.9,484
,,22,44778738,50079434,20.1,522
,,22,45057826,49911222,18.1,948
,,22,45161740,49745407,16.9,1303
,,22,44886297,49512164,16.9,1308
,,22,45498115,49900158,16.2,1210
,,22,44886297,50079434,19.6,1892
,,22,45161740,49900158,17.5,1746
,,22,44886297,49319259,15.7,1223
,,22,44886297,49380656,16.1,1611
,,22,44886297,50079434,19.6,1796
,,22,45157103,49900158,17.6,1483
,,1,55261752,68105186,18.2,2829
,,22,44881968,49592082,17.4,1306
,,6,107154445,136224650,25.6,3764
,,6,124178280,137372463,15.3,644
,,13,91974018,99024955,10.3,385
,,6,123846449,137352519,15.8,576
,,3,63788094,87276699,23.1,3010
,,18,67943953,75838302,21.1,1864
,,11,19546520,29969227,15.4,1788
,,22,44886297,50079434,19.6,1892
,,15,54796677,81132202,32.6,4807
,,6,123865515,137363835,15.8,1976
,,1,57400984,68105186,15.2,1939
,,18,6040528,9814778,15.4,976
,,18,67943953,75838302,21.1,1864
,,11,19538163,30047512,15.5,1740
,,1,20158241,35093593,18.2,2175
,,19,15093503,34429795,19.9,2581
,,19,15089173,34735393,20.6,2637
,,19,15008714,34429795,20.0,2601
,,1,40974156,64555255,25.1,3308
,,1,40974156,62284504,22.0,3126
,,1,48053426,66691885,21.7,2935
,,1,53778904,68105186,20.7,2653
,,1,53901837,68401005,20.9,877
,,1,41255120,62109502,21.3,3613
,,1,43254108,60448209,17.2,2897
,,1,40974156,67352960,28.1,2719
,,1,53901837,64426469,16.2,637
,,1,43350603,66058513,24.5,4112
,,1,40974156,60474983,19.4,3301
,,1,48174867,62032669,15.8,2084
,,1,54354658,67937751,19.5,3001
,,1,53259950,68105186,21.3,1921
,,1,40974156,67937751,29.0,2783
,,1,40974156,60474983,19.4,3140
,,1,55261752,68105186,18.2,2829
,,1,52097580,68487020,22.6,946
,,1,41904847,62284504,20.9,2949
,,1,41032059,68105186,29.2,4892
,,16,79143983,85230723,21.3,2203
,,5,4725405,16408600,23.2,2194
,,1,57400984,68105186,15.2,1939
,,7,7804403,20737300,21.0,2875
,,1,57360450,68105186,15.3,1941
,,5,4872310,16158739,22.3,2229
,,1,57211976,68105186,15.5,1994
,,22,45057826,49911222,18.1,948
,,22,44886297,49319259,15.7,1223
,,1,41032059,62284504,21.9,3118
,,16,79143983,85230723,21.3,2203
,,16,80945538,85230723,15.9,1722
,,16,81244502,85531362,15.5,1648
,,16,79738625,85296204,18.1,1989
,,16,79143983,84724890,19.0,1998
,,16,80641397,85296204,16.7,574
,,16,79465800,85335951,19.2,675
,,16,79460198,85275835,19.0,671
,,16,79514155,85207028,18.6,2513
,,16,79130890,84069768,15.7,550
,,16,78958477,84623076,19.9,2365
,,16,78635695,85230723,24.7,2463
,,16,78629320,84729712,22.5,2822
,,16,76055486,85226863,28.1,3108
,,11,45706453,93767360,32.1,4863
,,18,6040528,9814778,15.4,976
,,16,79305577,83040846,10.7,1167
,,16,77888266,83324765,17.7,614
,,9,133981491,139077343,17.3,711
,,1,41904847,62284504,20.9,2949
,,8,102428258,126102820,22.6,3777
,,16,80419872,85296204,17.0,1820
A590874,,5,8115307,16054101,14.1,1359
A590874,,15,94328994,99290406,16.9,1268
A590874,,18,44065959,59020960,19.6,3055
A590874,,10,108216760,125192081,25.3,3720
A590874,,13,60965482,92371090,26.2,1208
,,11,19427092,30047512,15.9,1728
,,11,19546520,29969227,15.4,1788
,,11,19580233,30378559,15.5,1740
,,11,19538163,30047512,15.5,1740
,,11,19580233,30047512,15.3,1723
,,11,19580233,29884984,15.2,2087
,,11,19569074,30047512,15.4,1927
,,11,19569074,29884984,15.3,2110
,,6,88619412,107182045,17.9,2502
,,8,92295114,121603802,25.0,3578
,,3,176750426,190722423,24.7,2275
,,22,44886297,49408735,16.3,1254
,,1,53901837,68401005,20.9,877
,,5,8319421,16829132,15.2,484
,,1,53259950,68105186,21.3,1921
,,3,176590693,190700956,24.9,886
,,11,19580233,29872433,15.2,1768
,,22,44886297,49900158,18.9,1424
,,22,45498003,49900158,16.2,1167
,,22,45126775,49900158,17.7,1410
,,22,45446874,50345729,18.0,1226
,,22,46258912,50345729,15.9,1021
,,22,45048253,49911908,18.1,1383
,,22,44886297,49900158,18.9,1486
,,22,44881968,49592082,17.4,1306
,,22,44842354,50582550,21.2,1427
,,22,44886297,49877875,18.8,1429
,,22,44886297,49900158,18.9,1488
,,22,44881968,49741960,18.2,1335
,,22,44886297,49408735,16.3,1254
,,22,45107125,49911222,17.8,1773
,,22,45437092,49900158,16.4,1632
,,22,45161740,50079434,18.3,1787
,,22,45119659,49877875,17.6,924
,,22,46258912,50108991,15.2,709
,,22,45119659,49900158,17.7,1385
,,22,44886297,49915072,18.9,484
,,22,44778738,50079434,20.1,522
,,22,45057826,49911222,18.1,948
,,22,45161740,49745407,16.9,1303
,,22,44886297,49512164,16.9,1308
,,22,45498115,49900158,16.2,1210
,,22,44886297,50079434,19.6,1892
,,22,45161740,49900158,17.5,1746
,,22,44886297,49319259,15.7,1223
,,22,44886297,49380656,16.1,1611
,,22,44886297,50079434,19.6,1796
,,22,45157103,49900158,17.6,1483
,,3,61495,5351214,16.2,1486
,,3,61495,5512860,16.6,1524
,,1,53901837,64426469,16.2,637
,,3,176691296,190593084,24.5,2152
,,16,79130890,84069768,15.7,550
,,15,94187859,100828865,20.4,556
,,22,44886297,49877875,18.8,1430
,,8,22898222,36987204,15.4,2184
,,8,27878672,77270727,42.0,5389
,,22,44842354,50582550,21.2,1427
,,15,65335863,80033885,17.9,1988
,,18,44150558,57138957,15.5,2519
,,8,22784735,36986164,15.6,1994
,,12,65827996,80556864,15.7,2291
,,3,61495,5522945,16.7,1557
,,1,41255120,62109502,21.3,3613
,,1,90125566,113284079,22.8,1043
,,1,48174867,62032669,15.8,2084
,,14,63526171,78568445,16.3,1624
,,1,20793015,37534255,20.0,1583
,,1,40974156,60474983,19.4,3140
,,16,79130890,84069768,15.7,550
,,18,6107360,11649014,21.2,1870
,,14,76989856,90539350,15.9,2016
,,6,143067927,157398175,19.4,2760
,,3,8327085,21083986,18.3,2239
,,11,124453666,134926754,23.1,2437
,,3,8095826,20996215,18.8,2270
,,9,3106474,9918976,15.9,2211
,,18,8440292,11675256,10.5,1134
,,5,168391942,178719364,25.3,2781
,,10,108216760,125192081,25.3,3720
,,1,171608466,193921548,17.4,2668
,,19,50289859,54443866,17.2,1250
,,20,51527356,58023771,17.6,773
,,6,143083063,158486110,20.4,2886
,,3,2195312,5791627,12.5,1333
,,11,32571594,44705461,14.9,2329
,,12,15235173,25243893,13.9,2152
,,12,51713586,99135638,46.5,7962
,,18,49488572,67084661,25.5,3504
,,17,37036554,63111452,27.3,3149
,,20,24247556,41711226,10.3,1694
,,19,6944843,15143453,16.4,1315
,,17,131918,5616579,15.6,1097
,,22,44881968,49741960,18.2,1335
,,15,59478485,70516482,16.0,1825
,,4,24728480,37524958,15.3,1881
,,5,4872310,16110431,22.2,2662
,,11,33961756,69351911,25.0,3604
,,1,40974156,64555255,25.1,3308
,,1,48053426,66691885,21.7,2935
,,1,53778904,68105186,20.7,2653
,,1,57360450,68105186,15.3,1941
,,1,57211976,68105186,15.5,1994
,,1,53901837,68401005,20.9,877
,,1,40974156,67352960,28.1,2719
,,1,53901837,64426469,16.2,637
,,1,43350603,66058513,24.5,4112
,,1,54354658,67937751,19.5,3001
,,1,53259950,68105186,21.3,1921
,,1,40974156,67937751,29.0,2783
,,1,55261752,68105186,18.2,2829
,,1,52097580,68487020,22.6,946
,,1,41032059,68105186,29.2,4892
,,3,179619860,189553287,19.1,1638
,,1,40974156,62284504,22.0,3126
,,5,4717060,16102201,22.7,2159
,,1,41032059,62284504,21.9,3118
,,1,41255120,62109502,21.3,3613
,,1,48174867,62032669,15.8,2084
,,22,44778738,50079434,20.1,522
,,8,102145463,125968156,23.0,3815
,,1,41904847,62284504,20.9,2949
,,20,51527356,58023771,17.6,773
,,1,57400984,68105186,15.2,1939
DD,,8,76215616,119856209,31.9,5175
DD,,8,77118604,107214049,24.3,3676
DD,,8,103529405,126781758,21.4,2992
DD,,8,98987918,126843414,28.2,3635
DD,,8,76226176,105696848,23.6,3444
DD,,8,76560454,126781758,43.2,6107
DD,,8,96232747,124865882,27.9,3900
DD,,8,80290562,105409476,22.1,1013
DD,,8,76226176,123574070,36.5,5933
DD,,8,96204142,103591361,10.2,507
DD,,8,98364203,121830295,19.1,3027
DD,,8,106319151,126830010,19.5,1032
DD,,8,75659213,117630683,30.2,1535
DD,,8,94999197,120435705,22.0,3949
DD,,8,78510649,105381212,22.4,3999
DD,,8,89763735,120218092,25.0,4562
DD,,8,77118604,101472510,17.1,2734
DD,,8,77118604,101472510,17.1,2735
DD,,11,19580233,29872433,15.2,1768
DD,,11,19546520,29969227,15.4,1788
DD,,18,8440292,11675256,10.5,1134
DD,,17,71458742,77379107,17.6,964
DD,,8,80663308,101524955,16.0,2895
DD,,8,92295114,121603802,25.0,3578
,,7,40760498,73814702,25.1,1376
,,7,42131390,76751658,25.7,1189
,,15,94187859,102385044,26.3,1880
,,7,80611355,95697118,13.3,1831
,,15,59478485,70516482,16.0,1825
,,6,3153383,11333684,19.1,1821
,,10,108216760,125192081,25.3,3720
,,16,79514155,85207028,18.6,2513
,,7,40809143,69238158,20.5,2876
,,8,51564759,62723254,12.4,1477
,,18,4339053,8468304,17.3,1022
,,9,128928087,139709976,28.2,2134
,,8,16690648,29266126,22.5,999
,,16,77888266,83324765,17.7,614
,,1,52097580,68487020,22.6,946
,,14,58295247,76871801,17.6,2643
,,18,4150108,8467173,17.9,1075
,,3,61495,5490708,16.6,1534
,,3,61495,5332265,16.1,1493
,,3,61495,5522945,16.7,1544
,,3,61495,5512860,16.6,1524
,,3,61495,5512860,16.6,1524
,,3,61495,5345166,16.2,1495
,,3,61495,5522945,16.7,1557
,,3,61495,5337127,16.2,1673
,,3,63411,5373391,16.3,1052
,,3,63411,5522945,16.7,1085
,,3,63411,5343801,16.2,938
,,3,61495,5277162,16.0,1753
,,3,61495,5492484,16.6,1554
,,3,471460,5332265,15.6,1402
,,3,61495,5332265,16.1,1517
,,3,61495,5277162,16.0,1836
,,22,44886297,49877875,18.8,1430
,,16,79143983,84724890,19.0,1998
,,16,79130890,84069768,15.7,550
,,16,78958477,84623076,19.9,2365
,,18,7143714,13033053,18.4,1427
,,2,106682622,123139879,15.2,1960
,,3,61495,5351214,16.2,1486
,,7,9521934,20737300,16.4,2779
,,16,79143983,85230723,21.3,2203
,,1,41032059,62284504,21.9,3118
,,17,71703758,77430593,16.8,1585
,,14,63526171,78568445,16.3,1624
,,5,162736772,172038164,18.6,2281
,,15,54796677,81132202,32.6,4807
,,18,6107360,11649014,21.2,1870
,,7,7804403,20737300,21.0,2875
,,3,61495,5490708,16.6,1534
,,3,61495,5351214,16.2,1486
,,3,61495,5522945,16.7,1544
,,3,61495,5512860,16.6,1524
,,3,61495,5512860,16.6,1524
,,3,61495,5345166,16.2,1495
,,3,61495,5522945,16.7,1557
,,3,61495,5337127,16.2,1673
,,3,63411,5373391,16.3,1052
,,3,63411,5522945,16.7,1085
,,3,63411,5343801,16.2,938
,,3,61495,5277162,16.0,1753
,,3,61495,5492484,16.6,1554
,,3,471460,5332265,15.6,1402
,,3,61495,5332265,16.1,1517
,,3,61495,5277162,16.0,1836
,,22,45126775,49900158,17.7,1410
,,22,45498115,49900158,16.2,1210
,,3,61495,5332265,16.1,1493
,,21,41259941,46670874,15.7,1449
,,12,65827996,80556864,15.7,2291
,,1,36887163,53259950,15.2,1959
,,10,125262764,132749766,20.7,1975
,,12,125269323,128642674,11.2,859
,,15,94193200,98674403,15.6,1322
,,22,44886297,49915072,18.9,484
,,5,127803816,157191954,28.4,5017
,,6,165632,5923152,16.8,1820
,,6,150727036,162646769,18.4,2975
,,7,32199098,41241212,10.5,1733
,,8,102516385,125968156,22.1,3719
,,10,126062763,130740976,12.4,1504
,,12,17564072,59286610,37.9,6878
,,15,71956136,89620670,18.0,3069
,,20,15631758,46268493,31.7,5379
,,12,125198575,128546979,10.9,1078
,,21,28196045,43102097,30.1,2897
,,18,6001128,12399481,22.9,1709
,,18,6040528,9814778,15.4,976
,,18,8446393,19654137,16.5,1408
,,18,6783759,10948635,16.3,1143
,,18,5181341,19558879,30.7,2729
,,18,6092335,12747012,22.8,574
,,18,6923291,12429202,18.8,1802
,,18,7383326,12747012,16.6,1635
,,18,5195573,9783269,18.4,1504
,,18,24062211,44216758,17.0,3300
,,18,6133402,11649014,21.1,1854
,,18,5985892,13033053,23.7,1158
,,18,7054431,20796504,23.9,1951
,,18,7192874,20796504,23.1,1906
,,18,7143714,13033053,18.4,1427
,,18,6107360,12415885,22.5,2049
,,18,6107360,11075734,19.6,1713
,,18,7132405,12834359,18.1,483
,,18,6107360,11649014,21.2,1870
,,22,45048253,49911908,18.1,1383
,,9,77406281,89199498,17.7,1278
,,18,57634727,77997052,42.4,4898
,,3,8316110,20996363,18.2,2792
,,21,41297992,46655385,15.5,725
,,12,53323694,79506862,25.5,2515
,,11,19569074,30047512,15.4,1927
,,19,45147719,55195013,30.8,2793
,,18,6487465,12741370,21.4,1585
,,7,106306401,130589791,18.2,2451
,,21,28196045,43102097,30.1,2897
,,19,15012726,35219548,21.5,1788
,,10,73729752,105246283,29.9,4396
,,7,42131390,76751658,25.7,1189
,,3,178173268,188662678,18.2,1215
,,3,177932934,188662678,18.5,1230
,,22,44886297,49512164,16.9,1308
,,16,65877585,82068897,24.2,3771
,,10,125262764,132749766,20.7,1975
,,12,125269323,128642674,11.2,859
,,12,121600529,129615327,19.7,2207
,,11,107430300,122204383,20.2,2479
,,13,103828640,111153479,21.0,1948
,,9,128928087,139709976,28.2,2134
,,11,100510448,122466121,25.2,3393
,,4,178221198,185361242,16.8,1593
,,18,6092335,12747012,22.8,574
,,18,69327605,75215111,17.7,1826
,,13,60965482,92371090,26.2,1208
,,8,96204142,103591361,10.2,507
,,11,100271469,122675454,26.1,1239
,,19,15012726,34069166,19.1,2479
,,12,125198575,128546979,10.9,1078
,,12,118562757,128498837,17.7,1731
,,11,45706453,93767360,32.1,4863
,,16,101263,5023521,10.8,797
,,16,5631166,12652425,18.7,2065
,,11,46231502,93767360,31.8,4836
,,5,61749048,80399926,20.0,2728
,,5,94610224,115285650,16.5,2675
,,19,39528932,55728651,39.7,3046
,,7,40809143,69238158,20.5,2876
,,8,51564759,62723254,12.4,1477
,,11,45239959,93787542,32.8,4973
,,8,102261691,125968156,22.7,1219
,,18,5985892,13033053,23.7,1158
,,16,101263,4942099,10.7,792
,,16,5685071,12640309,18.5,2041
,,5,5769499,16081670,19.1,631
,,5,5790928,16408600,19.6,2390
,,22,46360083,50315363,15.7,388
,,7,80611355,95697118,13.3,1831
,,15,66358474,81133856,17.8,2059
,,15,59478485,70516482,16.0,1825
,,15,65335863,80033885,17.9,1988
,,15,61314596,81161130,23.6,866
,,15,61103590,71927201,16.5,1884
,,15,54796677,81132202,32.6,4807
,,15,57750647,79999877,29.3,3819
,,6,147185851,158980351,18.4,2350
,,6,147912444,159007004,17.6,2232
,,5,159320525,178719364,38.0,3657
,,22,45048253,49911908,18.1,1383
,,11,19538163,30047512,15.5,1740
,,18,6923291,12429202,18.8,1802
,,16,57157206,74097266,15.5,2726
,,5,127803816,157191954,28.4,5017
,,6,165632,5923152,16.8,1820
,,6,150727036,162646769,18.4,2975
,,7,32199098,41241212,10.5,1733
,,8,102516385,125968156,22.1,3719
,,10,126062763,130740976,12.4,1504
,,12,17564072,59286610,37.9,6878
,,15,71956136,89620670,18.0,3069
,,20,15631758,46268493,31.7,5379
,,13,22397453,27445339,12.6,451
,,3,61495,5492484,16.6,1554
,,14,58295247,76871801,17.6,2643
,,15,57725259,80014686,29.4,3347
,,19,15093503,34429795,19.9,2432
,,19,15093503,34429795,19.9,2581
,,19,15012726,34069166,19.1,2479
,,19,15093503,34371198,19.8,2450
,,19,15089173,34735393,20.6,2637
,,19,15008714,34429795,20.0,2601
,,8,77118604,101472510,17.1,2734
,,8,77118604,101472510,17.1,2735
,,5,61749048,80399926,20.0,2728
,,5,94610224,115285650,16.5,2675
,,19,39528932,55728651,39.7,3046
,,10,125262764,132749766,20.7,1975
,,8,96232747,124865882,27.9,3900
,,9,115781111,127821778,16.2,2463
,,16,5711291,13638938,21.4,2774
,,8,80290562,105409476,22.1,1013
,,21,41297992,46655385,15.5,725
,,19,15012726,35219548,21.5,1788
,,1,201067784,212457414,16.6,2152
,,19,6965278,15143453,16.3,1308
,,12,191619,10858817,25.6,2874
,,19,45147719,55195013,30.8,2793
,,1,201246636,211425658,15.4,1815
,,10,73828748,94881612,20.1,3704
,,3,62574188,82010368,24.2,2942
,,10,125262764,132749766,20.7,1975
,,12,125269323,128642674,11.2,859
,,1,90125566,113284079,22.8,1043
,,8,16690648,29266126,22.5,999
,,13,60965482,92371090,26.2,1208
,,12,125198575,128546979,10.9,1078
,,5,5790928,16408600,19.6,2390
,,10,73729752,105246283,29.9,4396
,,3,8316110,20996215,18.2,2255
,,3,8327085,21083986,18.3,2239
,,3,8316110,20996363,18.2,2792
,,6,143083063,158486110,20.4,2886
,,4,135474690,156584397,22.1,2563
,,16,72931085,81762739,19.4,2188
,,3,62527223,73497023,17.7,2157
,,8,16690648,29266126,22.5,999
,,5,6985430,16128234,16.4,1652
,,4,135475307,156575786,22.0,1754
,,18,7192874,20796504,23.1,1906
,,16,101263,4942099,10.7,792
,,16,5685071,12640309,18.5,2041
,,15,46821267,64236441,19.5,3540
,,19,50289859,54443866,17.2,1250
,,13,74860476,99025982,24.4,3397
,,22,46360083,50315363,15.7,388
,,3,8095826,20996215,18.8,2270
A699608,,18,6001128,12399481,22.9,1709
A699608,,18,6487465,12741370,21.4,1585
A699608,,18,6783759,10948635,16.3,1143
A699608,,18,5181341,19558879,30.7,2729
A699608,,18,6092335,12747012,22.8,574
A699608,,18,6923291,12429202,18.8,1802
A699608,,18,5195573,9783269,18.4,1504
A699608,,18,24062211,44216758,17.0,3300
A699608,,18,6133402,11649014,21.1,1854
A699608,,18,5985892,13033053,23.7,1158
A699608,,18,7054431,20796504,23.9,1951
A699608,,18,7192874,20796504,23.1,1906
A699608,,18,7143714,13033053,18.4,1427
A699608,,18,6107360,12415885,22.5,2049
A699608,,18,6107360,11075734,19.6,1713
A699608,,18,6107360,11649014,21.2,1870
A699608,,8,77118604,101472510,17.1,2734
A699608,,8,77118604,101472510,17.1,2735
A699608,,1,36887163,53259950,15.2,1959
A699608,,11,124453666,134926754,23.1,2437
A699608,,16,80419872,85296204,17.0,1820
A699608,,18,7383326,12747012,16.6,1635
A699608,,16,65877585,82068897,24.2,3771
A699608,,18,7132405,12834359,18.1,483
A699608,,18,6040528,9814778,15.4,976
,,22,44886297,49900158,18.9,1424
,,22,45498003,49900158,16.2,1167
,,22,45126775,49900158,17.7,1410
,,22,45446874,50345729,18.0,1226
,,22,46258912,50345729,15.9,1021
,,22,45048253,49911908,18.1,1383
,,22,44886297,49900158,18.9,1486
,,22,44881968,49592082,17.4,1306
,,22,44886297,49877875,18.8,1430
,,22,44886297,49877875,18.8,1429
,,22,44886297,49900158,18.9,1488
,,22,44881968,49741960,18.2,1335
,,22,44886297,49408735,16.3,1254
,,22,45107125,49911222,17.8,1773
,,22,45437092,49900158,16.4,1632
,,22,45161740,50079434,18.3,1787
,,22,45119659,49877875,17.6,924
,,22,46258912,50108991,15.2,709
,,22,45119659,49900158,17.7,1385
,,22,44886297,49915072,18.9,484
,,22,44778738,50079434,20.1,522
,,22,45057826,49911222,18.1,948
,,22,45161740,49745407,16.9,1303
,,22,44886297,49512164,16.9,1308
,,22,45498115,49900158,16.2,1210
,,22,44886297,50079434,19.6,1892
,,22,45161740,49900158,17.5,1746
,,22,44886297,49319259,15.7,1223
,,22,44886297,49380656,16.1,1611
,,22,44886297,50079434,19.6,1796
,,22,45157103,49900158,17.6,1483
,,5,159320525,178719364,38.0,3657
,,8,22784735,36986164,15.6,1994
,,3,62527223,73497023,17.7,2157
,,9,115938750,129059870,16.9,2689
,,8,22898222,36987204,15.4,2184
,,17,71458742,77379107,17.6,964
,,7,173599,8215475,13.9,1837
,,9,76944989,93975471,27.3,1295
,,22,44842354,50582550,21.2,1427
A703791,,11,45706453,93767360,32.1,4863
A703791,,11,46231502,93767360,31.8,4836
A703791,,11,45711030,78973716,21.2,3170
A703791,,7,80611355,95697118,13.3,1831
A703791,,11,45949534,77178698,19.0,2594
A703791,,18,44065959,59020960,19.6,3055
A703791,,10,108216760,125192081,25.3,3720
A703791,,3,176647385,187004183,15.4,575
A703791,,3,63411,5343801,16.2,938
A703791,,3,61495,5277162,16.0,1753
A703791,,9,77404435,89336987,18.0,720
A703791,,11,45239959,93787542,32.8,4973
,,1,40974156,64555255,25.1,3308
,,1,48053426,66691885,21.7,2935
,,1,53778904,68105186,20.7,2653
,,1,57400984,68105186,15.2,1939
,,1,57211976,68105186,15.5,1994
,,1,53901837,68401005,20.9,877
,,1,40974156,67352960,28.1,2719
,,1,53901837,64426469,16.2,637
,,1,43350603,66058513,24.5,4112
,,1,54354658,67937751,19.5,3001
,,1,53259950,68105186,21.3,1921
,,1,40974156,67937751,29.0,2783
,,1,55261752,68105186,18.2,2829
,,1,52097580,68487020,22.6,946
,,1,41032059,68105186,29.2,4892
,,3,179619860,189553287,19.1,1638
,,1,40974156,62284504,22.0,3126
,,8,16870536,27479227,18.4,2571
,,5,4717060,16102201,22.7,2159
,,1,41032059,62284504,21.9,3118
,,8,16690648,27458294,18.7,2622
,,2,208706437,231284556,31.5,3386
,,2,208716745,231683849,32.2,3695
,,1,41255120,62109502,21.3,3613
,,1,48174867,62032669,15.8,2084
,,1,41904847,62284504,20.9,2949
,,1,57360450,68105186,15.3,1941
,,3,61495,5490708,16.6,1534
,,3,61495,5351214,16.2,1486
,,3,61495,5332265,16.1,1493
,,3,61495,5512860,16.6,1524
,,3,61495,5512860,16.6,1524
,,3,61495,5345166,16.2,1495
,,3,61495,5522945,16.7,1557
,,3,61495,5337127,16.2,1673
,,3,63411,5373391,16.3,1052
,,3,63411,5522945,16.7,1085
,,3,63411,5343801,16.2,938
,,3,61495,5277162,16.0,1753
,,3,61495,5492484,16.6,1554
,,3,471460,5332265,15.6,1402
,,3,61495,5332265,16.1,1517
,,3,61495,5277162,16.0,1836
,,22,44886297,49900158,18.9,1424
,,22,44886297,49900158,18.9,1486
,,5,4717060,16102201,22.7,2159
,,22,44886297,49900158,18.9,1488
,,12,125269323,128642674,11.2,859
,,1,40974156,67352960,28.1,2719
,,3,176647385,187004183,15.4,575
,,22,45057826,49911222,18.1,948
,,3,61495,5522945,16.7,1544
,,18,6001128,12399481,22.9,1709
,,18,6487465,12741370,21.4,1585
,,18,5181341,19558879,30.7,2729
,,18,6092335,12747012,22.8,574
,,18,6923291,12429202,18.8,1802
,,18,7383326,12747012,16.6,1635
,,18,5985892,13033053,23.7,1158
,,18,7054431,20796504,23.9,1951
,,18,7132405,12834359,18.1,483
,,18,4339053,8468304,17.3,1022
,,17,13546,5830838,16.4,1172
,,10,90744325,108818287,16.3,2551
,,18,6783759,10948635,16.3,1143
,,18,57634727,77997052,42.4,4898
,,18,6133402,11649014,21.1,1854
,,18,7192874,20796504,23.1,1906
,,14,58046568,75045389,15.2,2991
,,6,32737494,48162231,22.2,3836
,,6,99921822,117831565,15.6,2349
,,18,7143714,13033053,18.4,1427
,,18,6107360,12415885,22.5,2049
,,18,6107360,11075734,19.6,1713
,,18,6107360,11649014,21.2,1870
,,18,8446393,19654137,16.5,1408
,,3,179619860,189553287,19.1,1638
,,3,181954164,190722423,20.2,1694
,,3,176691296,190791994,24.9,2297
,,3,176691296,188689987,20.0,1838
,,3,178105341,188397584,17.7,1590
,,3,176693589,189170348,21.1,2457
,,3,176691296,190593084,24.5,2152
,,3,176647385,187004183,15.4,575
,,3,178173268,188662678,18.2,1218
,,3,178173268,188662678,18.2,1215
,,3,177932934,188662678,18.5,1230
,,3,179460825,190865991,22.4,2463
,,3,176590693,190700956,24.9,886
,,22,44886297,49900158,18.9,1486
,,1,36887163,53259950,15.2,1959
,,11,19580233,29872433,15.2,1768
,,11,19546520,29969227,15.4,1788
,,16,79465800,85335951,19.2,675
,,16,77888266,83324765,17.7,614
,,9,133981491,139077343,17.3,711
,,11,19569074,30047512,15.4,1927
,,22,44778738,50079434,20.1,522
,,7,9521934,20737300,16.4,2779
,,13,22397453,27445339,12.6,451
,,3,176750426,190722423,24.7,2275
,,22,44886297,49900158,18.9,1424
,,22,45498003,49900158,16.2,1167
,,22,45126775,49900158,17.7,1410
,,22,45446874,50345729,18.0,1226
,,22,46258912,50345729,15.9,1021
,,22,45048253,49911908,18.1,1383
,,22,44886297,49900158,18.9,1486
,,22,44881968,49592082,17.4,1306
,,22,44886297,49877875,18.8,1430
,,22,44842354,50582550,21.2,1427
,,22,44886297,49900158,18.9,1488
,,22,44881968,49741960,18.2,1335
,,22,44886297,49408735,16.3,1254
,,22,45107125,49911222,17.8,1773
,,22,45437092,49900158,16.4,1632
,,22,45161740,50079434,18.3,1787
,,22,45119659,49877875,17.6,924
,,22,46258912,50108991,15.2,709
,,22,45119659,49900158,17.7,1385
,,22,44886297,49915072,18.9,484
,,22,44778738,50079434,20.1,522
,,22,45057826,49911222,18.1,948
,,22,45161740,49745407,16.9,1303
,,22,44886297,49512164,16.9,1308
,,22,45498115,49900158,16.2,1210
,,22,44886297,50079434,19.6,1892
,,22,45161740,49900158,17.5,1746
,,22,44886297,49319259,15.7,1223
,,22,44886297,49380656,16.1,1611
,,22,44886297,50079434,19.6,1796
,,22,45157103,49900158,17.6,1483
,,16,79143983,85230723,21.3,2203
,,16,79460198,85275835,19.0,671
,,3,178173268,188662678,18.2,1215
,,1,41032059,68105186,29.2,4892
,,9,77442616,89440597,18.2,722
,,22,44886297,49877875,18.8,1429
,,22,44886297,49900158,18.9,1424
,,22,45498003,49900158,16.2,1167
,,22,46258912,50345729,15.9,1021
,,22,45048253,49911908,18.1,1383
,,22,44886297,49900158,18.9,1486
,,22,44881968,49592082,17.4,1306
,,22,44886297,49877875,18.8,1430
,,22,44842354,50582550,21.2,1427
,,22,44886297,49877875,18.8,1429
,,22,44881968,49741960,18.2,1335
,,22,44886297,49408735,16.3,1254
,,22,45107125,49911222,17.8,1773
,,22,45437092,49900158,16.4,1632
,,22,45161740,50079434,18.3,1787
,,22,45119659,49877875,17.6,924
,,22,45119659,49900158,17.7,1385
,,22,44886297,49915072,18.9,484
,,22,44778738,50079434,20.1,522
,,22,45057826,49911222,18.1,948
,,22,44886297,49512164,16.9,1308
,,22,45498115,49900158,16.2,1210
,,22,44886297,50079434,19.6,1892
,,22,44886297,49319259,15.7,1223
,,22,44886297,49380656,16.1,1611
,,22,44886297,50079434,19.6,1796
,,22,45157103,49900158,17.6,1483
,,22,45126775,49900158,17.7,1410
,,22,45446874,50345729,18.0,1226
,,3,181954164,190722423,20.2,1694
,,9,115781111,129166088,17.3,2287
,,3,61495,5522945,16.7,1544
,,3,61495,5512860,16.6,1524
,,4,81209842,100045574,17.0,2180
,,11,19546520,29969227,15.4,1788
,,5,6922386,16034232,16.4,1085
,,22,45161740,49745407,16.9,1303
,,1,41904847,62284504,20.9,2949
,,22,45161740,49900158,17.5,1746
,,22,44886297,49900158,18.9,1488
,,1,211774350,229003739,16.3,3018
,,12,1916770,8114429,17.5,1754
,,20,48591758,57957021,22.3,2830
,,5,127803816,157191954,28.4,5017
,,6,165632,5923152,16.8,1820
,,6,150727036,162646769,18.4,2975
,,7,32199098,41241212,10.5,1733
,,8,102516385,125968156,22.1,3719
,,10,126062763,130740976,12.4,1504
,,12,17564072,59286610,37.9,6878
,,15,71956136,89620670,18.0,3069
,,20,15631758,46268493,31.7,5379
,,15,87531281,94522459,17.0,565
,,15,54796677,81132202,32.6,4807
,,6,25976927,42462055,15.4,6971
,,1,211877481,228916634,16.2,2535
,,10,95064137,117854042,22.8,3496
,,14,48994889,58295247,11.7,1711
,,5,4872310,16158739,22.3,2229
,,1,20158241,35093593,18.2,2175
,,17,228978,5855267,15.8,1347
,,5,6249440,16034232,17.8,758
,,5,8115307,16128234,14.3,1692
,,14,42446967,58308024,15.2,2176
,,11,19580233,29872433,15.2,1768
,,11,19546520,29969227,15.4,1788
,,11,19580233,30378559,15.5,1740
,,11,19538163,30047512,15.5,1740
,,11,19580233,30047512,15.3,1723
,,11,19580233,29884984,15.2,2087
,,11,19569074,30047512,15.4,1927
,,11,19569074,29884984,15.3,2110
,,1,53901837,68401005,20.9,877
,,5,6249440,16034232,17.8,758
,,18,6107360,12415885,22.5,2049
,,11,19427092,30047512,15.9,1728
,,20,2656328,9171861,17.8,1942
,,20,49625623,57193906,18.8,2348
,,15,87531281,94522459,17.0,565
,,18,6107360,12415885,22.5,2049
,,5,2689047,9978292,18.8,2230
,,20,63244,6100088,19.7,1660
,,15,94187859,102385044,26.3,1880
,,8,103529405,126781758,21.4,2992
,,4,178221198,185361242,16.8,1593
,,6,123865515,137363835,15.8,1976
,,14,21528248,29651984,16.7,1809
,,9,76944989,93975471,27.3,1295
,,13,23396326,30047005,15.7,547
,,18,67943953,75838302,21.1,1864
,,16,72931085,81762739,19.4,2188
,,16,62571383,86114829,42.1,1632
,,16,57157206,74097266,15.5,2726
,,16,65877585,82068897,24.2,3771
,,2,208716745,231683849,32.2,3695
,,20,48591758,57957021,22.3,2830
,,16,55736527,82068897,36.4,4335
,,3,61495,5490708,16.6,1534
,,3,61495,5351214,16.2,1486
,,3,61495,5332265,16.1,1493
,,3,61495,5522945,16.7,1544
,,3,61495,5512860,16.6,1524
,,3,61495,5345166,16.2,1495
,,3,61495,5522945,16.7,1557
,,3,61495,5337127,16.2,1673
,,3,63411,5373391,16.3,1052
,,3,63411,5522945,16.7,1085
,,3,63411,5343801,16.2,938
,,3,61495,5277162,16.0,1753
,,3,61495,5492484,16.6,1554
,,3,471460,5332265,15.6,1402
,,3,61495,5332265,16.1,1517
,,3,61495,5277162,16.0,1836
,,22,45126775,49900158,17.7,1410
,,22,44886297,49900158,18.9,1486
,,22,44886297,49900158,18.9,1488
,,1,40974156,67937751,29.0,2783
,,22,44778738,50079434,20.1,522
,,16,78958477,84623076,19.9,2365
,,3,61495,5512860,16.6,1524
,,4,70513710,91748644,21.9,3200
,,5,33375972,62369102,20.6,3113
,,8,16870536,27479227,18.4,2571
,,22,44886297,49900158,18.9,1488
,,8,16690648,27458294,18.7,2622
,,18,6092335,12747012,22.8,574
,,1,40974156,60474983,19.4,3301
,,5,8115307,16128234,14.3,1692
,,7,129738451,139360198,15.6,1008
,,12,125198575,128546979,10.9,1078
,,4,81209842,100045574,17.0,2180
,,8,16870536,27479227,18.4,2571
,,8,19039642,29394781,17.9,2188
,,8,19054974,29453239,17.9,2193
,,8,16690648,29266126,22.5,999
,,8,16655774,25889446,16.4,2395
,,8,16796681,25242876,15.3,2466
,,1,57360450,68105186,15.3,1941
,,4,81209842,100045574,17.0,2180
,,18,6783759,10948635,16.3,1143
,,5,79745469,97703974,16.3,1379
,,12,191619,10858817,25.6,2874
,,7,115671435,138538228,22.5,1115
,,8,16690648,27458294,18.7,2622
,,3,62574188,82010368,24.2,2942
,,3,63788094,87276699,23.1,3010
,,3,62527223,73497023,17.7,2157
,,3,70229761,102058887,18.5,1037
,,8,77118604,101472510,17.1,2734
,,3,8327085,21083986,18.3,2239
,,5,4872310,16158739,22.3,2229
,,9,19397040,38661416,22.4,3141
,,1,41255120,62109502,21.3,3613
,,3,2195312,5791627,12.5,1333
,,11,32571594,44705461,14.9,2329
,,12,15235173,25243893,13.9,2152
,,12,51713586,99135638,46.5,7962
,,18,49488572,67084661,25.5,3504
,,1,48174867,62032669,15.8,2084
,,15,42085017,59770234,16.1,2601
,,17,71458742,77379107,17.6,964
,,22,44886297,49915072,18.9,484
,,2,106682622,123139879,15.2,1960
,,20,51527356,58023771,17.6,773
,,9,77442616,89440597,18.2,722
,,3,65289530,101911058,24.2,3743
,,15,57725259,80014686,29.4,3347
,,15,65335863,80033885,17.9,1988
,,15,61314596,81161130,23.6,866
,,15,61103590,71927201,16.5,1884
,,15,54796677,81132202,32.6,4807
,,15,57750647,79999877,29.3,3819
,,3,62574188,82010368,24.2,2942
,,11,46231502,93767360,31.8,4836
,,15,59478485,70516482,16.0,1825
,,4,135475307,156575786,22.0,1754
,,5,127803816,157191954,28.4,5017
,,6,165632,5923152,16.8,1820
,,6,150727036,162646769,18.4,2975
,,7,32199098,41241212,10.5,1733
,,8,102516385,125968156,22.1,3719
,,10,126062763,130740976,12.4,1504
,,12,17564072,59286610,37.9,6878
,,15,71956136,89620670,18.0,3069
,,20,15631758,46268493,31.7,5379
,,15,46821267,64236441,19.5,3540
,,19,50289859,54443866,17.2,1250
,,15,66358474,81133856,17.8,2059
,,8,16870536,27479227,18.4,2571
,,8,16690648,27458294,18.7,2622
,,8,19054974,29453239,17.9,2193
,,8,16690648,29266126,22.5,999
,,8,16655774,25889446,16.4,2395
,,8,16796681,25242876,15.3,2466
,,3,62574188,82010368,24.2,2942
,,16,77879657,82428543,15.4,1497
,,1,53901837,68401005,20.9,877
,,1,53901837,64426469,16.2,637
,,1,40974156,67937751,29.0,2783
,,3,63411,5343801,16.2,938
,,8,19039642,29394781,17.9,2188
,,17,13546,5830838,16.4,1172
,,17,131918,5616579,15.6,1097
,,17,228978,5855267,15.8,1347
,,17,207618,5636209,15.2,1382
,,17,13546,5616579,15.8,1314
,,9,92515514,110210362,17.4,2495
,,1,36887163,53259950,15.2,1959
,,11,19580233,30378559,15.5,1740
,,8,76560454,126781758,43.2,6107
,,5,8319421,16829132,15.2,484
,,20,48591758,57957021,22.3,2830
,,17,13703203,32810443,21.7,722
,,16,79460198,85275835,19.0,671
,,6,88973751,106548730,16.3,789
,,5,2689047,9978292,18.8,2230
,,17,13546,5645968,15.8,1106
,,8,16870536,27479227,18.4,2571
,,8,16690648,27458294,18.7,2622
,,8,19039642,29394781,17.9,2188
,,8,16690648,29266126,22.5,999
,,8,16655774,25889446,16.4,2395
,,8,16796681,25242876,15.3,2466
,,1,40974156,64555255,25.1,3308
,,16,77879657,82428543,15.4,1497
,,3,62527223,73497023,17.7,2157
,,22,45437092,49900158,16.4,1632
,,18,7132405,12834359,18.1,483
,,18,13775272,59420763,45.1,1924
,,8,19054974,29453239,17.9,2193
,,16,79143983,85230723,21.3,2203
,,16,80945538,85230723,15.9,1722
,,16,81244502,85531362,15.5,1648
,,16,79738625,85296204,18.1,1989
,,16,80419872,85296204,17.0,1820
,,16,77879657,82428543,15.4,1497
,,16,79305577,83040846,10.7,1167
,,16,80641397,85296204,16.7,574
,,16,79465800,85335951,19.2,675
,,16,79460198,85275835,19.0,671
,,16,77888266,83324765,17.7,614
,,16,79514155,85207028,18.6,2513
,,16,79130890,84069768,15.7,550
,,16,78958477,84623076,19.9,2365
,,16,78635695,85230723,24.7,2463
,,16,78629320,84729712,22.5,2822
,,16,76055486,85226863,28.1,3108
,,3,61495,5351214,16.2,1486
,,1,53901837,68401005,20.9,877
,,16,5711291,13638938,21.4,2774
,,1,53901837,64426469,16.2,637
,,4,184517243,190872778,18.6,1419
,,6,32737494,48162231,22.2,3836
,,18,6107360,11649014,21.2,1870
,,16,79143983,84724890,19.0,1998
,,12,1916770,8114429,17.5,1754
,,20,48591758,57957021,22.3,2830
,,5,5790928,16408600,19.6,2390
,,3,23770133,42378073,19.7,2854
,,11,19580233,29872433,15.2,1768
,,11,19427092,30047512,15.9,1728
,,11,19580233,30378559,15.5,1740
,,11,19538163,30047512,15.5,1740
,,11,19580233,30047512,15.3,1723
,,11,19580233,29884984,15.2,2087
,,11,19569074,30047512,15.4,1927
,,11,19569074,29884984,15.3,2110
,,8,77118604,101472510,17.1,2734
,,2,39851566,62741416,21.2,3620
,,8,77118604,101472510,17.1,2735
,,1,53778904,68105186,20.7,2653
,,6,123865515,137363835,15.8,1976
,,8,92295114,121603802,25.0,3578
,,3,176750426,190722423,24.7,2275
,,22,44886297,49900158,18.9,1488
,,22,44881968,49741960,18.2,1335
,,22,44886297,49408735,16.3,1254
,,5,6922386,16034232,16.4,1085
,,1,53259950,68105186,21.3,1921
,,3,176590693,190700956,24.9,886
,,11,19546520,29969227,15.4,1788
,,11,19580233,29872433,15.2,1768
,,11,19427092,30047512,15.9,1728
,,11,19546520,29969227,15.4,1788
,,11,19538163,30047512,15.5,1740
,,11,19580233,30047512,15.3,1723
,,11,19580233,29884984,15.2,2087
,,11,19569074,30047512,15.4,1927
,,11,19569074,29884984,15.3,2110
,,11,107430300,122204383,20.2,2479
,,5,33375972,62369102,20.6,3113
,,11,100510448,122466121,25.2,3393
,,17,13546,5645968,15.8,1106
,,19,45132364,56308689,34.6,3306
,,11,100271469,122675454,26.1,1239
,,11,19580233,30378559,15.5,1740
,,16,79143983,85230723,21.3,2203
,,16,79143983,84724890,19.0,1998
,,16,79465800,85335951,19.2,675
,,16,77888266,83324765,17.7,614
,,16,79130890,84069768,15.7,550
,,16,78958477,84623076,19.9,2365
,,16,78635695,85230723,24.7,2463
,,16,78629320,84729712,22.5,2822
,,16,76055486,85226863,28.1,3108
,,8,19039642,29394781,17.9,2188
,,8,19054974,29453239,17.9,2193
,,3,61495,5512860,16.6,1524
,,16,79305577,83040846,10.7,1167
,,1,53901837,68401005,20.9,877
,,16,79460198,85275835,19.0,671
,,16,79514155,85207028,18.6,2513
,,22,45119659,49900158,17.7,1385
,,16,77879657,82428543,15.4,1497
,,11,19580233,29872433,15.2,1768
,,11,19427092,30047512,15.9,1728
,,11,19546520,29969227,15.4,1788
,,11,19580233,30378559,15.5,1740
,,11,19580233,30047512,15.3,1723
,,11,19580233,29884984,15.2,2087
,,11,19569074,30047512,15.4,1927
,,11,19569074,29884984,15.3,2110
,,15,57725259,80014686,29.4,3347
,,17,228978,5855267,15.8,1347
,,12,1916770,8114429,17.5,1754
,,4,70513710,91748644,21.9,3200
,,8,75659213,117630683,30.2,1535
,,3,471460,5332265,15.6,1402
,,11,19538163,30047512,15.5,1740
,,15,94193200,102224341,25.7,1854
,,15,94187859,102385044,26.3,1880
,,15,94193200,98674403,15.6,1322
,,15,94179432,102274497,26.1,549
,,15,94187859,100828865,20.4,556
,,6,25842605,42471579,15.6,3219
,,5,8115307,16054101,14.1,1359
,,2,25755848,39930277,16.1,2522
,,14,30043269,39319551,17.3,1071
,,14,58295247,78779686,20.4,3861
,,16,62571383,86114829,42.1,1632
,,15,94328994,99290406,16.9,1268
,,12,118562757,128498837,17.7,1731
,,12,121600529,129615327,19.7,2207
,,12,125198575,128546979,10.9,1078
,,6,147185851,158980351,18.4,2350
,,11,107430300,122204383,20.2,2479
,,11,100510448,122466121,25.2,3393
,,21,28196045,43102097,30.1,2897
,,10,73729752,105246283,29.9,4396
,,3,61495,5522945,16.7,1544
,,6,8361391,17066353,16.6,1735
,,3,2195312,5791627,12.5,1333
,,11,32571594,44705461,14.9,2329
,,12,15235173,25243893,13.9,2152
,,12,51713586,99135638,46.5,7962
,,18,49488572,67084661,25.5,3504
,,1,211774350,229003739,16.3,3018
,,11,100271469,122675454,26.1,1239
,,15,48070793,64168647,17.8,3314
,,11,19569074,29884984,15.3,2110
,,12,125269323,128642674,11.2,859
,,6,88619412,107182045,17.9,2502
,,6,76127504,101967710,17.9,3015
,,6,88973751,106548730,16.3,789
,,8,77118604,101472510,17.1,2734
,,21,41297992,46655385,15.5,725
,,8,76226176,123574070,36.5,5933
,,5,94316007,115120408,16.5,1856
,,22,45161740,49745407,16.9,1303
,,15,87531281,94522459,17.0,565
,,6,88891040,106536253,16.4,2240
,,8,77118604,101472510,17.1,2734
,,8,76215616,119856209,31.9,5175
,,8,77118604,107214049,24.3,3676
,,8,77118604,101472510,17.1,2735
,,8,103529405,126781758,21.4,2992
,,8,98987918,126843414,28.2,3635
,,8,76226176,105696848,23.6,3444
,,8,92295114,121603802,25.0,3578
,,8,96232747,124865882,27.9,3900
,,8,80290562,105409476,22.1,1013
,,8,76226176,123574070,36.5,5933
,,8,96204142,103591361,10.2,507
,,8,98364203,121830295,19.1,3027
,,8,106319151,126830010,19.5,1032
,,8,75659213,117630683,30.2,1535
,,8,94999197,120435705,22.0,3949
,,8,78510649,105381212,22.4,3999
,,8,89763735,120218092,25.0,4562
,,8,80663308,101524955,16.0,2895
,,15,94187859,102385044,26.3,1880
,,17,13546,5645968,15.8,1106
,,5,2908851,9997370,18.3,1738
,,12,1916770,8114429,17.5,1754
,,16,62571383,86114829,42.1,1632
,,8,76560454,126781758,43.2,6107
,,5,4725405,16408600,23.2,2194
,,5,8115307,16054101,14.1,1359
,,5,4717060,16102201,22.7,2159
,,5,8115307,16034232,14.1,1354
,,5,6249440,16034232,17.8,758
,,5,8319421,16829132,15.2,484
,,5,6985430,16128234,16.4,1652
,,5,6922386,16034232,16.4,1085
,,5,8115307,16128234,14.3,1692
,,5,4872310,16110431,22.2,2662
,,5,5769499,16081670,19.1,631
,,5,5790928,16408600,19.6,2390
,,5,33375972,62369102,20.6,3113
,,1,40974156,62284504,22.0,3126
,,1,41032059,62284504,21.9,3118
,,14,42446967,58308024,15.2,2176
,,3,65289530,101911058,24.2,3743
,,1,41255120,62109502,21.3,3613
,,11,19580233,29884984,15.2,2087
,,18,69327605,75215111,17.7,1826
,,18,6923291,12429202,18.8,1802
,,20,2656328,9171861,17.8,1942
,,5,4872310,16158739,22.3,2229
,,8,76215616,119856209,31.9,5175
,,8,77118604,107214049,24.3,3676
,,8,103529405,126781758,21.4,2992
,,8,98987918,126843414,28.2,3635
,,8,76226176,105696848,23.6,3444
,,8,92295114,121603802,25.0,3578
,,8,76560454,126781758,43.2,6107
,,8,80290562,105409476,22.1,1013
,,8,76226176,123574070,36.5,5933
,,8,98364203,121830295,19.1,3027
,,8,106319151,126830010,19.5,1032
,,8,75659213,117630683,30.2,1535
,,8,94999197,120435705,22.0,3949
,,8,78510649,105381212,22.4,3999
,,8,89763735,120218092,25.0,4562
,,22,45048253,49911908,18.1,1383
,,19,15012726,35219548,21.5,1788
,,18,44065959,59020960,19.6,3055
,,18,5195573,9783269,18.4,1504
,,18,24062211,44216758,17.0,3300
,,8,96204142,103591361,10.2,507
,,7,9521934,20737300,16.4,2779
,,5,5769499,16081670,19.1,631
,,8,96232747,124865882,27.9,3900
A874604,,6,88619412,107182045,17.9,2502
A874604,,6,88891040,106536253,16.4,2240
A874604,,6,88973751,106548730,16.3,789
A874604,,8,80290562,105409476,22.1,1013
A874604,,5,162736772,172038164,18.6,2281
A874604,,22,45161740,49745407,16.9,1303
A874604,,1,18527213,37548473,24.8,1024
A874604,,6,76127504,101967710,17.9,3015
,,11,45706453,93767360,32.1,4863
,,11,46231502,93767360,31.8,4836
,,11,45711030,78973716,21.2,3170
,,19,7635856,15141624,14.3,1155
,,6,147912444,159007004,17.6,2232
,,11,45239959,93787542,32.8,4973
,,5,8319421,16829132,15.2,484
,,9,77406281,89199498,17.7,1278
,,16,5711291,13638938,21.4,2774
,,2,12581267,23095572,15.2,573
,,5,94316007,115120408,16.5,1856
,,7,116895588,138013414,20.4,2675
,,1,41032059,68105186,29.2,4892
,,11,45949534,77178698,19.0,2594
,,1,20793015,37534255,20.0,1583
,,1,18527213,37548473,24.8,1024
,,14,42446967,58308024,15.2,2176
,,5,2908851,9997370,18.3,1738
,,13,60184047,99001223,36.6,6372
,,18,6133402,11649014,21.1,1854
,,18,7192874,20796504,23.1,1906
,,11,93637839,117960138,26.0,4196
,,13,74860476,99025982,24.4,3397
,,1,20158241,35093593,18.2,2175
,,12,125269323,128642674,11.2,859
,,2,208706437,231284556,31.5,3386
,,1,48174867,62032669,15.8,2084
,,16,79130890,84069768,15.7,550
,,1,171735198,195923038,18.6,901
,,12,54134291,79595885,24.7,1170
,,4,24728480,37524958,15.3,1881
,,22,44886297,49319259,15.7,1223
,,12,125198575,128546979,10.9,1078
,,6,8361391,17066353,16.6,1735
,,5,2689047,9978292,18.8,2230
,,19,6965278,15143453,16.3,1308
,,8,76560454,126781758,43.2,6107
,,1,20158241,35093593,18.2,2175
,,2,25755848,39930277,16.1,2522
,,2,26199220,40135076,15.9,2498
,,20,2656328,9171861,17.8,1942
,,15,51979674,64168647,15.6,2731
,,5,31469172,41301008,14.1,2042
,,14,29190652,34853118,13.7,1072
,,8,16796681,25242876,15.3,2466
,,19,50289859,54443866,17.2,1250
,,5,2908851,9997370,18.3,1738
,,22,44886297,49900158,18.9,1424
,,22,45498003,49900158,16.2,1167
,,22,45126775,49900158,17.7,1410
,,22,45446874,50345729,18.0,1226
,,22,46258912,50345729,15.9,1021
,,22,45048253,49911908,18.1,1383
,,22,44886297,49900158,18.9,1486
,,22,44881968,49592082,17.4,1306
,,22,44886297,49877875,18.8,1430
,,22,44842354,50582550,21.2,1427
,,22,44886297,49877875,18.8,1429
,,22,44886297,49900158,18.9,1488
,,22,44886297,49408735,16.3,1254
,,22,45107125,49911222,17.8,1773
,,22,45437092,49900158,16.4,1632
,,22,45161740,50079434,18.3,1787
,,22,45119659,49877875,17.6,924
,,22,46258912,50108991,15.2,709
,,22,45119659,49900158,17.7,1385
,,22,44886297,49915072,18.9,484
,,22,44778738,50079434,20.1,522
,,22,45057826,49911222,18.1,948
,,22,45161740,49745407,16.9,1303
,,22,44886297,49512164,16.9,1308
,,22,45498115,49900158,16.2,1210
,,22,44886297,50079434,19.6,1892
,,22,45161740,49900158,17.5,1746
,,22,44886297,49319259,15.7,1223
,,22,44886297,49380656,16.1,1611
,,22,44886297,50079434,19.6,1796
,,22,45157103,49900158,17.6,1483
,,14,96130617,107143294,23.5,1730
,,1,53778904,68105186,20.7,2653
,,11,33961756,69351911,25.0,3604
,,11,19546520,29969227,15.4,1788
,,15,46651153,62460328,17.7,2521
,,1,40974156,67937751,29.0,2783
,,1,20793015,37534255,20.0,1583
,,1,55261752,68105186,18.2,2829
,,11,19569074,29884984,15.3,2110
,,22,44881968,49741960,18.2,1335
,,3,179619860,189553287,19.1,1638
,,3,181954164,190722423,20.2,1694
,,3,176691296,190791994,24.9,2297
,,3,176750426,190722423,24.7,2275
,,3,178105341,188397584,17.7,1590
,,3,176693589,189170348,21.1,2457
,,3,176691296,190593084,24.5,2152
,,3,176647385,187004183,15.4,575
,,3,178173268,188662678,18.2,1218
,,3,178173268,188662678,18.2,1215
,,3,177932934,188662678,18.5,1230
,,3,179460825,190865991,22.4,2463
,,3,176590693,190700956,24.9,886
,,9,77406281,89199498,17.7,1278
,,10,73828748,94881612,20.1,3704
,,13,60184047,99001223,36.6,6372
,,5,8115307,16128234,14.3,1692
,,3,176691296,188689987,20.0,1838
,,16,101263,5023521,10.8,797
,,16,5631166,12652425,18.7,2065
,,8,102428258,126102820,22.6,3777
,,19,45147719,55195013,30.8,2793
,,12,25627916,54356389,21.9,3552
,,4,134784379,156555835,22.5,926
,,4,135438724,156563407,22.1,792
,,4,135475307,156575786,22.0,1754
,,7,106306401,130589791,18.2,2451
,,3,8327085,21083986,18.3,2239
,,3,8095826,20996215,18.8,2270
,,15,59478485,70516482,16.0,1825
,,11,19580233,29884984,15.2,2087
,,4,135474690,156584397,22.1,2563
,,22,44886297,49900158,18.9,1424
,,22,45498003,49900158,16.2,1167
,,22,45126775,49900158,17.7,1410
,,22,45446874,50345729,18.0,1226
,,22,46258912,50345729,15.9,1021
,,22,45048253,49911908,18.1,1383
,,22,44886297,49900158,18.9,1486
,,22,44881968,49592082,17.4,1306
,,22,44886297,49877875,18.8,1430
,,22,44842354,50582550,21.2,1427
,,22,44886297,49877875,18.8,1429
,,22,44886297,49900158,18.9,1488
,,22,44881968,49741960,18.2,1335
,,22,45107125,49911222,17.8,1773
,,22,45437092,49900158,16.4,1632
,,22,45161740,50079434,18.3,1787
,,22,45119659,49877875,17.6,924
,,22,46258912,50108991,15.2,709
,,22,45119659,49900158,17.7,1385
,,22,44886297,49915072,18.9,484
,,22,44778738,50079434,20.1,522
,,22,45057826,49911222,18.1,948
,,22,45161740,49745407,16.9,1303
,,22,44886297,49512164,16.9,1308
,,22,45498115,49900158,16.2,1210
,,22,44886297,50079434,19.6,1892
,,22,45161740,49900158,17.5,1746
,,22,44886297,49319259,15.7,1223
,,22,44886297,49380656,16.1,1611
,,22,44886297,50079434,19.6,1796
,,22,45157103,49900158,17.6,1483
,,11,19580233,29872433,15.2,1768
,,11,19546520,29969227,15.4,1788
,,3,178105341,188397584,17.7,1590
,,16,79465800,85335951,19.2,675
,,3,61495,5277162,16.0,1836
,,22,44886297,49408735,16.3,1254
,,16,55736527,82068897,36.4,4335
,,16,62571383,86114829,42.1,1632
,,16,65877585,82068897,24.2,3771
,,3,8327085,21083986,18.3,2239
,,3,8095826,20996215,18.8,2270
,,8,75659213,117630683,30.2,1535
,,12,15233495,26532629,16.2,2190
,,16,72931085,81762739,19.4,2188
,,18,6001128,12399481,22.9,1709
,,18,6487465,12741370,21.4,1585
,,18,6040528,9814778,15.4,976
,,18,5181341,19558879,30.7,2729
,,18,6092335,12747012,22.8,574
,,18,6923291,12429202,18.8,1802
,,18,7383326,12747012,16.6,1635
,,18,5195573,9783269,18.4,1504
,,18,24062211,44216758,17.0,3300
,,18,6133402,11649014,21.1,1854
,,18,5985892,13033053,23.7,1158
,,18,7054431,20796504,23.9,1951
,,18,7192874,20796504,23.1,1906
,,18,7143714,13033053,18.4,1427
,,18,6107360,12415885,22.5,2049
,,18,6107360,11075734,19.6,1713
,,18,7132405,12834359,18.1,483
,,18,6107360,11649014,21.2,1870
,,14,96130617,107143294,23.5,1730
,,18,8446393,19654137,16.5,1408
,,8,16690648,27458294,18.7,2622
,,18,6783759,10948635,16.3,1143
,,5,31469172,41301008,14.1,2042
,,5,5790928,16408600,19.6,2390
,,9,77442616,89440597,18.2,722
,,5,30937514,54455439,20.1,2581
,,5,4725405,16408600,23.2,2194
,,5,8115307,16054101,14.1,1359
,,5,4717060,16102201,22.7,2159
,,5,4872310,16158739,22.3,2229
,,5,6249440,16034232,17.8,758
,,5,8319421,16829132,15.2,484
,,5,6985430,16128234,16.4,1652
,,5,6922386,16034232,16.4,1085
,,5,8115307,16128234,14.3,1692
,,5,4872310,16110431,22.2,2662
,,5,5769499,16081670,19.1,631
,,5,5790928,16408600,19.6,2390
,,22,46258912,50345729,15.9,1021
,,3,181954164,190722423,20.2,1694
,,1,40974156,67352960,28.1,2719
,,22,45107125,49911222,17.8,1773
,,1,55261752,68105186,18.2,2829
,,14,30985803,38991928,15.6,1495
,,16,78629320,84729712,22.5,2822
,,3,61495,5492484,16.6,1554
,,5,8115307,16034232,14.1,1354
,,15,57725259,80014686,29.4,3347
,,15,61314596,81161130,23.6,866
,,15,61103590,71927201,16.5,1884
,,15,54796677,81132202,32.6,4807
,,15,57750647,79999877,29.3,3819
,,15,94187859,102385044,26.3,1880
,,11,33961756,69351911,25.0,3604
,,7,40809143,69238158,20.5,2876
,,8,51564759,62723254,12.4,1477
,,15,66358474,81133856,17.8,2059
,,4,135474690,156584397,22.1,2563
,,15,65335863,80033885,17.9,1988
,,10,108216760,125192081,25.3,3720
,,2,12581267,23095572,15.2,573
,,7,40760498,73814702,25.1,1376
,,18,7054431,20796504,23.9,1951
,,18,7192874,20796504,23.1,1906
,,20,51527356,58023771,17.6,773
,,15,59478485,70516482,16.0,1825
,,9,128928087,139709976,28.2,2134
,,9,133981491,139077343,17.3,711
,,9,134212428,139077343,16.8,1533
,,11,46231502,93767360,31.8,4836
,,17,13546,5830838,16.4,1172
,,15,94187859,102385044,26.3,1880
,,4,11414037,29060867,24.3,2823
,,8,103529405,126781758,21.4,2992
,,9,115781111,129166088,17.3,2287
,,1,90125566,113284079,22.8,1043
,,4,134784379,156555835,22.5,926
,,12,53323694,79506862,25.5,2515
,,7,173599,8215475,13.9,1837
,,8,102145463,125968156,23.0,3815
,,5,76868950,95508726,18.4,770
,,22,46360083,50315363,15.7,388
,,9,129777653,138913404,25.0,1891
,,19,6965278,15143453,16.3,1308
,,19,6944843,15143453,16.4,1315
,,6,55766417,90683587,18.1,3195
,,8,77118604,107214049,24.3,3676
,,3,65289530,101911058,24.2,3743
,,6,3153383,11333684,19.1,1821
,,20,49625623,57193906,18.8,2348
,,7,116839950,138013414,20.4,3146
,,20,51527356,58023771,17.6,773
,,13,74860476,99025982,24.4,3397
,,9,19397040,38661416,22.4,3141
,,3,61495,5490708,16.6,1534
,,3,61495,5351214,16.2,1486
,,3,61495,5332265,16.1,1493
,,3,61495,5522945,16.7,1544
,,3,61495,5512860,16.6,1524
,,3,61495,5345166,16.2,1495
,,3,61495,5522945,16.7,1557
,,3,61495,5337127,16.2,1673
,,3,63411,5373391,16.3,1052
,,3,63411,5522945,16.7,1085
,,3,63411,5343801,16.2,938
,,3,61495,5277162,16.0,1753
,,3,61495,5492484,16.6,1554
,,3,471460,5332265,15.6,1402
,,3,61495,5332265,16.1,1517
,,3,61495,5277162,16.0,1836
,,3,179619860,189553287,19.1,1638
,,22,44886297,49877875,18.8,1430
,,16,77879657,82428543,15.4,1497
,,15,46821267,64236441,19.5,3540
,,3,176590693,190700956,24.9,886
,,3,61495,5512860,16.6,1524
,,3,61495,5490708,16.6,1534
,,3,61495,5351214,16.2,1486
,,3,61495,5332265,16.1,1493
,,3,61495,5522945,16.7,1544
,,3,61495,5512860,16.6,1524
,,3,61495,5512860,16.6,1524
,,3,61495,5522945,16.7,1557
,,3,61495,5337127,16.2,1673
,,3,63411,5373391,16.3,1052
,,3,63411,5522945,16.7,1085
,,3,63411,5343801,16.2,938
,,3,61495,5277162,16.0,1753
,,3,61495,5492484,16.6,1554
,,3,471460,5332265,15.6,1402
,,3,61495,5332265,16.1,1517
,,3,61495,5277162,16.0,1836
,,1,48053426,66691885,21.7,2935
,,1,53901837,64426469,16.2,637
,,3,8316110,20996363,18.2,2792
,,3,176590693,190700956,24.9,886
,,3,61495,5345166,16.2,1495
,,3,179619860,189553287,19.1,1638
,,3,181954164,190722423,20.2,1694
,,3,176691296,190791994,24.9,2297
,,3,176750426,190722423,24.7,2275
,,3,176691296,188689987,20.0,1838
,,3,176693589,189170348,21.1,2457
,,3,176691296,190593084,24.5,2152
,,3,176647385,187004183,15.4,575
,,3,178173268,188662678,18.2,1218
,,3,178173268,188662678,18.2,1215
,,3,177932934,188662678,18.5,1230
,,3,179460825,190865991,22.4,2463
,,3,176590693,190700956,24.9,886
,,3,182970805,192028670,21.2,1782
,,22,44886297,49408735,16.3,1254
,,17,42892795,63090555,22.8,3220
,,3,63411,5343801,16.2,938
,,22,44778738,50079434,20.1,522
,,22,45057826,49911222,18.1,948
,,3,61495,5277162,16.0,1753
,,22,45161740,49745407,16.9,1303
,,3,178105341,188397584,17.7,1590
,,2,208716745,231683849,32.2,3695
,,14,29230860,40342577,18.5,1712
,,3,62574188,82010368,24.2,2942
,,19,7635856,15141624,14.3,1155
,,1,57360450,68105186,15.3,1941
,,6,8361391,17066353,16.6,1735
,,3,61495,5522945,16.7,1557
,,5,8319421,16829132,15.2,484
,,14,30043269,39319551,17.3,1071
,,2,208706437,231284556,31.5,3386
,,2,208706437,231284556,31.5,3386
,,14,29230860,40342577,18.5,1712
,,19,7635856,15141624,14.3,1155
,,1,201067784,212457414,16.6,2152
,,1,57360450,68105186,15.3,1941
,,16,55736527,82068897,36.4,4335
,,14,30043269,39319551,17.3,1071
,,9,76944989,93975471,27.3,1295
,,18,13775272,59420763,45.1,1924
,,2,208716745,231683849,32.2,3695
,,16,79143983,85230723,21.3,2203
,,16,79143983,84724890,19.0,1998
,,16,79465800,85335951,19.2,675
,,16,77888266,83324765,17.7,614
,,16,79130890,84069768,15.7,550
,,16,78958477,84623076,19.9,2365
,,16,78635695,85230723,24.7,2463
,,16,78629320,84729712,22.5,2822
,,16,76055486,85226863,28.1,3108
,,16,79738625,85296204,18.1,1989
,,16,80419872,85296204,17.0,1820
,,16,77879657,82428543,15.4,1497
,,3,62527223,73497023,17.7,2157
,,16,79460198,85275835,19.0,671
,,16,79514155,85207028,18.6,2513
,,22,44886297,49915072,18.9,484
,,9,76246845,89142905,18.7,2337
,,22,44886297,49319259,15.7,1223
,,16,79305577,83040846,10.7,1167
,,11,19580233,29872433,15.2,1768
,,11,19427092,30047512,15.9,1728
,,11,19546520,29969227,15.4,1788
,,11,19580233,30378559,15.5,1740
,,11,19538163,30047512,15.5,1740
,,11,19580233,29884984,15.2,2087
,,11,19569074,30047512,15.4,1927
,,11,19569074,29884984,15.3,2110
,,1,53901837,68401005,20.9,877
,,16,79514155,85207028,18.6,2513
,,17,63531331,71848982,16.6,2018
,,3,177932934,188662678,18.5,1230
,,3,61495,5492484,16.6,1554
,,9,77442616,89440597,18.2,722
,,18,6107360,11649014,21.2,1870
,,11,19580233,30047512,15.3,1723
,,1,40974156,64555255,25.1,3308
,,1,48053426,66691885,21.7,2935
,,1,53778904,68105186,20.7,2653
,,1,57400984,68105186,15.2,1939
,,1,57360450,68105186,15.3,1941
,,1,53901837,68401005,20.9,877
,,1,40974156,67352960,28.1,2719
,,1,53901837,64426469,16.2,637
,,1,43350603,66058513,24.5,4112
,,1,54354658,67937751,19.5,3001
,,1,53259950,68105186,21.3,1921
,,1,40974156,67937751,29.0,2783
,,1,55261752,68105186,18.2,2829
,,1,52097580,68487020,22.6,946
,,1,41032059,68105186,29.2,4892
,,22,45446874,50345729,18.0,1226
,,1,40974156,62284504,22.0,3126
,,1,41032059,62284504,21.9,3118
,,3,62527223,73497023,17.7,2157
,,3,61495,5522945,16.7,1557
,,1,41255120,62109502,21.3,3613
,,16,79465800,85335951,19.2,675
,,1,48174867,62032669,15.8,2084
,,3,178173268,188662678,18.2,1218
,,3,178173268,188662678,18.2,1215
,,1,41904847,62284504,20.9,2949
,,22,44886297,49380656,16.1,1611
,,1,57211976,68105186,15.5,1994
,,3,62574188,82010368,24.2,2942
,,3,63788094,87276699,23.1,3010
,,3,65289530,101911058,24.2,3743
,,3,8327085,21083986,18.3,2239
,,3,8095826,20996215,18.8,2270
,,22,44842354,50582550,21.2,1427
,,8,19054974,29453239,17.9,2193
,,16,79305577,83040846,10.7,1167
,,1,57211976,68105186,15.5,1994
,,6,3302217,11516046,19.0,1819
,,13,22397453,27445339,12.6,451
,,8,16796681,25242876,15.3,2466
,,11,19569074,29884984,15.3,2110
,,18,13775272,59420763,45.1,1924
,,3,62527223,73497023,17.7,2157
,,15,42134301,60984270,17.6,2555
,,15,46666881,61177888,15.5,2839
,,15,51979674,64168647,15.6,2731
,,15,42085017,59770234,16.1,2601
,,15,48070793,64168647,17.8,3314
,,15,46821267,64236441,19.5,3540
,,18,4339053,8468304,17.3,1022
,,22,44881968,49741960,18.2,1335
,,3,70229761,102058887,18.5,1037
,,15,46651153,62460328,17.7,2521
,,1,40974156,64555255,25.1,3308
,,1,40974156,62284504,22.0,3126
,,1,48053426,66691885,21.7,2935
,,1,53778904,68105186,20.7,2653
,,1,41032059,62284504,21.9,3118
,,1,57400984,68105186,15.2,1939
,,1,57360450,68105186,15.3,1941
,,1,57211976,68105186,15.5,1994
,,1,41255120,62109502,21.3,3613
,,1,43254108,60448209,17.2,2897
,,1,40974156,67352960,28.1,2719
,,1,53901837,64426469,16.2,637
,,1,43350603,66058513,24.5,4112
,,1,40974156,60474983,19.4,3301
,,1,48174867,62032669,15.8,2084
,,1,54354658,67937751,19.5,3001
,,1,53259950,68105186,21.3,1921
,,1,40974156,67937751,29.0,2783
,,1,40974156,60474983,19.4,3140
,,1,55261752,68105186,18.2,2829
,,1,52097580,68487020,22.6,946
,,1,41904847,62284504,20.9,2949
,,1,41032059,68105186,29.2,4892
,,16,80945538,85230723,15.9,1722
,,11,19580233,29872433,15.2,1768
,,11,19427092,30047512,15.9,1728
,,8,19039642,29394781,17.9,2188
,,16,79143983,84724890,19.0,1998
,,16,77879657,82428543,15.4,1497
,,11,19580233,30047512,15.3,1723
,,16,79460198,85275835,19.0,671
,,22,46258912,50108991,15.2,709
,,22,44886297,49915072,18.9,484
,,4,24728480,37524958,15.3,1881
,,15,94187859,100828865,20.4,556
,,22,45498115,49900158,16.2,1210
,,14,29190652,34853118,13.7,1072
,,9,77404435,89336987,18.0,720
,,22,44886297,49319259,15.7,1223
,,1,53901837,68401005,20.9,877
,,18,6001128,12399481,22.9,1709
,,18,6487465,12741370,21.4,1585
,,18,6040528,9814778,15.4,976
,,18,8446393,19654137,16.5,1408
,,18,6783759,10948635,16.3,1143
,,18,6092335,12747012,22.8,574
,,18,6923291,12429202,18.8,1802
,,18,7383326,12747012,16.6,1635
,,18,5195573,9783269,18.4,1504
,,18,24062211,44216758,17.0,3300
,,18,6133402,11649014,21.1,1854
,,18,5985892,13033053,23.7,1158
,,18,7054431,20796504,23.9,1951
,,18,7192874,20796504,23.1,1906
,,18,7143714,13033053,18.4,1427
,,18,6107360,12415885,22.5,2049
,,18,6107360,11075734,19.6,1713
,,18,7132405,12834359,18.1,483
,,18,6107360,11649014,21.2,1870
,,18,4339053,8468304,17.3,1022
,,17,13546,5830838,16.4,1172
,,10,90744325,108818287,16.3,2551
,,5,8319421,16829132,15.2,484
,,12,191619,10858817,25.6,2874
,,8,16655774,25889446,16.4,2395
,,12,121600529,129615327,19.7,2207
,,18,5181341,19558879,30.7,2729
,,17,13546,5830838,16.4,1172
,,17,131918,5616579,15.6,1097
,,17,13546,5645968,15.8,1106
,,17,207618,5636209,15.2,1382
,,17,13546,5616579,15.8,1314
,,14,42446967,58308024,15.2,2176
,,11,19538163,30047512,15.5,1740
,,12,191619,6196183,16.8,1840
,,18,7143714,13033053,18.4,1427
,,14,29504355,40164269,18.3,2076
,,8,78510649,105381212,22.4,3999
,,12,125198575,128546979,10.9,1078
,,18,7132405,12834359,18.1,483
,,17,228978,5855267,15.8,1347
,,15,42134301,60984270,17.6,2555
,,8,98987918,126843414,28.2,3635
,,16,53416622,66053401,18.3,2148
,,6,143083063,158486110,20.4,2886
,,11,19580233,29884984,15.2,2087
,,20,48591758,57957021,22.3,2830
,,14,58295247,78779686,20.4,3861
,,12,53323694,79506862,25.5,2515
,,14,58295247,78539977,20.1,3764
,,15,48070793,64168647,17.8,3314
,,15,46821267,64236441,19.5,3540
,,9,3106474,9918976,15.9,2211
,,16,78629320,84729712,22.5,2822
,,22,45498115,49900158,16.2,1210
,,15,48070793,64168647,17.8,3314
,,4,140802689,156918475,16.1,2297
,,18,44150558,57138957,15.5,2519
,,18,13775272,59420763,45.1,1924
,,11,46231502,93767360,31.8,4836
,,11,45239959,93787542,32.8,4973
,,8,96232747,124865882,27.9,3900
,,8,108039422,126102820,16.6,2513
,,5,6985430,16128234,16.4,1652
,,14,63526171,78568445,16.3,1624
,,5,2689047,9978292,18.8,2230
,,18,44065959,59020960,19.6,3055
,,1,90125566,113284079,22.8,1043
,,4,134784379,156555835,22.5,926
,,17,71458742,77379107,17.6,964
,,4,135475307,156575786,22.0,1754
,,8,16655774,25889446,16.4,2395
,,19,15089173,34735393,20.6,2637
,,20,51527356,58023771,17.6,773
,,3,61495,5490708,16.6,1534
,,3,61495,5351214,16.2,1486
,,3,61495,5332265,16.1,1493
,,3,61495,5522945,16.7,1544
,,3,61495,5512860,16.6,1524
,,3,61495,5512860,16.6,1524
,,3,61495,5345166,16.2,1495
,,3,61495,5337127,16.2,1673
,,3,63411,5373391,16.3,1052
,,3,63411,5522945,16.7,1085
,,3,63411,5343801,16.2,938
,,3,61495,5277162,16.0,1753
,,3,61495,5492484,16.6,1554
,,3,471460,5332265,15.6,1402
,,3,61495,5332265,16.1,1517
,,3,61495,5277162,16.0,1836
,,16,79143983,85230723,21.3,2203
,,14,76989856,90539350,15.9,2016
,,2,208706437,231284556,31.5,3386
,,1,57211976,68105186,15.5,1994
,,3,176693589,189170348,21.1,2457
,,22,44778738,50079434,20.1,522
,,15,94187859,100828865,20.4,556
,,16,101263,4942099,10.7,792
,,16,5685071,12640309,18.5,2041
,,22,44886297,49512164,16.9,1308
,,18,6107360,12415885,22.5,2049
,,3,176590693,190700956,24.9,886
,,18,13775272,59420763,45.1,1924
,,3,61495,5522945,16.7,1557
,,2,39851566,62741416,21.2,3620
,,11,45949534,77178698,19.0,2594
,,18,6092335,12747012,22.8,574
,,14,30985803,38991928,15.6,1495
,,7,9521934,20737300,16.4,2779
,,15,54796677,81132202,32.6,4807
,,17,13546,5616579,15.8,1314
,,5,4725405,16408600,23.2,2194
,,5,8115307,16054101,14.1,1359
,,5,4717060,16102201,22.7,2159
,,5,4872310,16158739,22.3,2229
,,5,8115307,16034232,14.1,1354
,,5,8319421,16829132,15.2,484
,,5,6985430,16128234,16.4,1652
,,5,6922386,16034232,16.4,1085
,,5,8115307,16128234,14.3,1692
,,5,4872310,16110431,22.2,2662
,,5,5769499,16081670,19.1,631
,,5,5790928,16408600,19.6,2390
,,3,182970805,192028670,21.2,1782
,,14,42446967,58308024,15.2,2176
,,11,19427092,30047512,15.9,1728
,,16,80641397,85296204,16.7,574
,,18,6923291,12429202,18.8,1802
,,1,53901837,64426469,16.2,637
,,7,40760498,73814702,25.1,1376
,,22,44886297,49915072,18.9,484
,,22,44778738,50079434,20.1,522
,,16,79130890,84069768,15.7,550
,,1,52097580,68487020,22.6,946
,,1,41032059,68105186,29.2,4892
,,18,7132405,12834359,18.1,483
,,18,13775272,59420763,45.1,1924
,,5,6249440,16034232,17.8,758
,,18,6001128,12399481,22.9,1709
,,18,6487465,12741370,21.4,1585
,,18,6040528,9814778,15.4,976
,,18,8446393,19654137,16.5,1408
,,18,6783759,10948635,16.3,1143
,,18,5181341,19558879,30.7,2729
,,18,6923291,12429202,18.8,1802
,,18,7383326,12747012,16.6,1635
,,18,5195573,9783269,18.4,1504
,,18,24062211,44216758,17.0,3300
,,18,6133402,11649014,21.1,1854
,,18,5985892,13033053,23.7,1158
,,18,7054431,20796504,23.9,1951
,,18,7192874,20796504,23.1,1906
,,18,7143714,13033053,18.4,1427
,,18,6107360,12415885,22.5,2049
,,18,6107360,11075734,19.6,1713
,,18,7132405,12834359,18.1,483
,,18,6107360,11649014,21.2,1870
,,5,159320525,178719364,38.0,3657
,,12,118562757,128498837,17.7,1731
,,4,81209842,100045574,17.0,2180
,,4,70513710,91748644,21.9,3200
,,22,46258912,50108991,15.2,709
,,3,63411,5343801,16.2,938
,,7,9521934,20737300,16.4,2779
,,9,77442616,89440597,18.2,722
,,18,6092335,12747012,22.8,574
,,9,115781111,129166088,17.3,2287
,,9,115781111,127821778,16.2,2463
,,9,119990164,133888771,19.3,1523
,,13,105025012,110304057,15.2,1389
,,22,44842354,50582550,21.2,1427
,,9,115938750,129059870,16.9,2689
,,1,40974156,64555255,25.1,3308
,,1,40974156,62284504,22.0,3126
,,1,48053426,66691885,21.7,2935
,,1,53778904,68105186,20.7,2653
,,1,41032059,62284504,21.9,3118
,,1,53901837,68401005,20.9,877
,,1,43254108,60448209,17.2,2897
,,1,40974156,67352960,28.1,2719
,,1,53901837,64426469,16.2,637
,,1,43350603,66058513,24.5,4112
,,1,40974156,60474983,19.4,3301
,,1,48174867,62032669,15.8,2084
,,1,54354658,67937751,19.5,3001
,,1,53259950,68105186,21.3,1921
,,1,40974156,67937751,29.0,2783
,,1,40974156,60474983,19.4,3140
,,1,55261752,68105186,18.2,2829
,,1,52097580,68487020,22.6,946
,,1,41904847,62284504,20.9,2949
,,1,41032059,68105186,29.2,4892
,,3,63788094,87276699,23.1,3010
,,14,76989856,90539350,15.9,2016
,,1,57400984,68105186,15.2,1939
,,1,57360450,68105186,15.3,1941
,,3,65289530,101911058,24.2,3743
,,5,4872310,16158739,22.3,2229
,,1,57211976,68105186,15.5,1994
,,16,80641397,85296204,16.7,574
,,9,133981491,139077343,17.3,711
,,3,178173268,188662678,18.2,1215
,,5,6922386,16034232,16.4,1085
,,22,44886297,49915072,18.9,484
,,22,45057826,49911222,18.1,948
,,12,125198575,128546979,10.9,1078
,,1,41255120,62109502,21.3,3613
,,1,90601007,113449627,22.5,3252
,,11,46231502,93767360,31.8,4836
,,14,76989856,90539350,15.9,2016
,,10,73729752,105246283,29.9,4396
,,9,129777653,138913404,25.0,1891
,,2,26199220,40135076,15.9,2498
,,19,41056792,48755267,11.0,735
,,7,116895588,138013414,20.4,2675
,,11,19569074,30047512,15.4,1927
,,14,58046568,75045389,15.2,2991
,,20,51851473,57958335,16.6,1948
,,19,50289859,54443866,17.2,1250
,,20,51527356,58023771,17.6,773
,,1,18527213,37548473,24.8,1024
,,1,90125566,113284079,22.8,1043
,,1,40974156,64555255,25.1,3308
,,1,40974156,62284504,22.0,3126
,,1,48053426,66691885,21.7,2935
,,1,53778904,68105186,20.7,2653
,,1,41032059,62284504,21.9,3118
,,1,53901837,68401005,20.9,877
,,1,41255120,62109502,21.3,3613
,,1,40974156,67352960,28.1,2719
,,1,53901837,64426469,16.2,637
,,1,43350603,66058513,24.5,4112
,,1,40974156,60474983,19.4,3301
,,1,48174867,62032669,15.8,2084
,,1,53259950,68105186,21.3,1921
,,1,40974156,67937751,29.0,2783
,,1,40974156,60474983,19.4,3140
,,1,52097580,68487020,22.6,946
,,1,41904847,62284504,20.9,2949
,,1,41032059,68105186,29.2,4892
,,22,45126775,49900158,17.7,1410
,,3,182970805,192028670,21.2,1782
,,16,79465800,85335951,19.2,675
,,1,54354658,67937751,19.5,3001
,,1,55261752,68105186,18.2,2829
,,3,61495,5492484,16.6,1554
,,1,43254108,60448209,17.2,2897
,,5,6249440,16034232,17.8,758
,,9,115781111,127821778,16.2,2463
,,3,176647385,187004183,15.4,575
,,3,178173268,188662678,18.2,1215
,,16,62571383,86114829,42.1,1632
,,22,44886297,49915072,18.9,484
,,22,44778738,50079434,20.1,522
,,16,79130890,84069768,15.7,550
,,1,52097580,68487020,22.6,946
,,13,23396326,30047005,15.7,547
,,11,19580233,29872433,15.2,1768
,,11,19427092,30047512,15.9,1728
,,11,19546520,29969227,15.4,1788
,,11,19580233,30378559,15.5,1740
,,11,19538163,30047512,15.5,1740
,,11,19580233,30047512,15.3,1723
,,11,19569074,30047512,15.4,1927
,,11,19569074,29884984,15.3,2110
,,18,6001128,12399481,22.9,1709
,,8,76215616,119856209,31.9,5175
,,9,92515514,110210362,17.4,2495
,,5,4872310,16158739,22.3,2229
,,4,135474690,156584397,22.1,2563
,,9,3106474,9918976,15.9,2211
,,8,108039422,126102820,16.6,2513
,,4,135438724,156563407,22.1,792
,,7,173599,8215475,13.9,1837
,,22,45161740,49745407,16.9,1303
,,18,6107360,12415885,22.5,2049
,,11,19580233,29884984,15.2,2087
,,15,94187859,102385044,26.3,1880
,,8,16870536,27479227,18.4,2571
,,3,182970805,192028670,21.2,1782
,,6,143083063,158486110,20.4,2886
,,8,92295114,121603802,25.0,3578
,,19,45202052,51954858,17.3,1652
,,20,48591758,57957021,22.3,2830
,,15,46666881,61177888,15.5,2839
,,17,71458742,77379107,17.6,964
,,15,61103590,71927201,16.5,1884
,,15,57750647,79999877,29.3,3819
,,19,15089173,34735393,20.6,2637
,,18,8440292,11675256,10.5,1134
,,2,26199220,40135076,15.9,2498
,,15,94328994,99290406,16.9,1268
,,5,2908851,9997370,18.3,1738
,,3,8316110,20996363,18.2,2792
,,8,96204142,103591361,10.2,507
,,8,106319151,126830010,19.5,1032
,,1,55261752,68105186,18.2,2829
,,9,134212428,139077343,16.8,1533
,,2,106682622,123139879,15.2,1960
,,20,51527356,58023771,17.6,773
,,2,25755848,39930277,16.1,2522
,,16,79143983,85230723,21.3,2203
,,16,80945538,85230723,15.9,1722
,,16,81244502,85531362,15.5,1648
,,16,79738625,85296204,18.1,1989
,,16,80419872,85296204,17.0,1820
,,16,79143983,84724890,19.0,1998
,,16,79465800,85335951,19.2,675
,,16,79460198,85275835,19.0,671
,,16,79514155,85207028,18.6,2513
,,16,79130890,84069768,15.7,550
,,16,78958477,84623076,19.9,2365
,,16,78635695,85230723,24.7,2463
,,16,78629320,84729712,22.5,2822
,,16,76055486,85226863,28.1,3108
,,5,8115307,16054101,14.1,1359
,,5,6249440,16034232,17.8,758
,,1,41255120,62109502,21.3,3613
,,1,40974156,67352960,28.1,2719
,,8,102261691,125968156,22.7,1219
,,16,77888266,83324765,17.7,614
,,21,41297992,46655385,15.5,725
,,3,176647385,187004183,15.4,575
,,5,94316007,115120408,16.5,1856
,,22,46258912,50108991,15.2,709
,,3,63411,5343801,16.2,938
,,22,44886297,49915072,18.9,484
,,4,24728480,37524958,15.3,1881
,,1,52097580,68487020,22.6,946
,,22,45498115,49900158,16.2,1210
,,22,44886297,49319259,15.7,1223
,,16,80641397,85296204,16.7,574
,,18,63417004,77991527,32.1,2960
,,18,57634727,77997052,42.4,4898
,,8,98987918,126843414,28.2,3635
,,12,118562757,128498837,17.7,1731
,,5,4872310,16158739,22.3,2229
,,14,58295247,78779686,20.4,3861
,,15,51979674,64168647,15.6,2731
,,15,61314596,81161130,23.6,866
,,19,41056792,48755267,11.0,735
,,5,94316007,115120408,16.5,1856
,,17,13546,5616579,15.8,1314
,,13,74860476,99025982,24.4,3397
,,6,38989385,47981686,15.7,2040
,,18,69327605,75215111,17.7,1826
,,20,48591758,57957021,22.3,2830
,,20,49625623,57193906,18.8,2348
,,20,51851473,57958335,16.6,1948
,,20,51527356,58023771,17.6,773
,,2,39851566,62741416,21.2,3620
,,6,147912444,159007004,17.6,2232
,,9,115781111,129166088,17.3,2287
,,4,178221198,185361242,16.8,1593
,,15,61103590,71927201,16.5,1884
,,1,171735198,195923038,18.6,901
,,12,54134291,79595885,24.7,1170
,,7,129738451,139360198,15.6,1008
,,20,49687290,57196464,18.6,2324
,,12,1916770,8114429,17.5,1754
,,12,191619,10858817,25.6,2874
,,17,228978,5855267,15.8,1347
,,15,65335863,80033885,17.9,1988
,,17,13703203,32810443,21.7,722
,,4,135438724,156563407,22.1,792
,,6,123846449,137352519,15.8,576
,,5,127803816,157191954,28.4,5017
,,6,165632,5923152,16.8,1820
,,6,150727036,162646769,18.4,2975
,,7,32199098,41241212,10.5,1733
,,8,102516385,125968156,22.1,3719
,,10,126062763,130740976,12.4,1504
,,12,17564072,59286610,37.9,6878
,,15,71956136,89620670,18.0,3069
,,20,15631758,46268493,31.7,5379
,,7,9521934,20737300,16.4,2779
,,3,61495,5332265,16.1,1517
,,1,37242743,60460443,26.1,4048
,,18,6107360,11649014,21.2,1870
,,12,191619,6196183,16.8,1840
,,2,25755848,39930277,16.1,2522
,,5,148114806,171335293,32.7,4045
,,16,101263,5023521,10.8,797
,,16,5631166,12652425,18.7,2065
,,5,2908851,9997370,18.3,1738
,,1,90125566,113284079,22.8,1043
,,8,102261691,125968156,22.7,1219
,,3,8316110,20996363,18.2,2792
,,7,40760498,73814702,25.1,1376
,,8,96204142,103591361,10.2,507
,,15,61314596,81161130,23.6,866
,,16,105320,10706872,27.1,1687
,,8,106319151,126830010,19.5,1032
,,1,55261752,68105186,18.2,2829
,,16,101263,4942099,10.7,792
,,16,5685071,12640309,18.5,2041
,,3,61495,5492484,16.6,1554
,,2,106682622,123139879,15.2,1960
,,1,41032059,68105186,29.2,4892
,,2,26199220,40135076,15.9,2498
,,1,40974156,64555255,25.1,3308
,,1,40974156,62284504,22.0,3126
,,1,48053426,66691885,21.7,2935
,,1,53778904,68105186,20.7,2653
,,1,41032059,62284504,21.9,3118
,,1,57400984,68105186,15.2,1939
,,1,57360450,68105186,15.3,1941
,,1,57211976,68105186,15.5,1994
,,1,53901837,68401005,20.9,877
,,1,41255120,62109502,21.3,3613
,,1,43254108,60448209,17.2,2897
,,1,53901837,64426469,16.2,637
,,1,43350603,66058513,24.5,4112
,,1,40974156,60474983,19.4,3301
,,1,48174867,62032669,15.8,2084
,,1,54354658,67937751,19.5,3001
,,1,53259950,68105186,21.3,1921
,,1,40974156,67937751,29.0,2783
,,1,40974156,60474983,19.4,3140
,,1,55261752,68105186,18.2,2829
,,1,52097580,68487020,22.6,946
,,1,41904847,62284504,20.9,2949
,,1,41032059,68105186,29.2,4892
,,3,61495,5522945,16.7,1544
,,5,8115307,16034232,14.1,1354
,,16,80641397,85296204,16.7,574
,,3,61495,5337127,16.2,1673
,,22,44886297,49915072,18.9,484
,,22,45498115,49900158,16.2,1210
,,14,58295247,76871801,17.6,2643
,,1,40974156,67352960,28.1,2719
,,8,22784735,36986164,15.6,1994
,,8,27878672,77270727,42.0,5389
,,15,94187859,102385044,26.3,1880
,,22,44842354,50582550,21.2,1427
,,15,65335863,80033885,17.9,1988
,,18,44150558,57138957,15.5,2519
,,8,22898222,36987204,15.4,2184
,,12,191619,6196183,16.8,1840
,,12,191619,10858817,25.6,2874
,,1,211877481,228916634,16.2,2535
,,3,23770133,42378073,19.7,2854
,,11,19538163,30047512,15.5,1740
,,8,76560454,126781758,43.2,6107
,,7,116895588,138013414,20.4,2675
,,5,31469172,41301008,14.1,2042
,,13,22397453,27445339,12.6,451
,,12,1916770,8114429,17.5,1754
,,5,4725405,16408600,23.2,2194
,,5,8115307,16054101,14.1,1359
,,5,4717060,16102201,22.7,2159
,,5,4872310,16158739,22.3,2229
,,5,8115307,16034232,14.1,1354
,,5,6249440,16034232,17.8,758
,,5,6985430,16128234,16.4,1652
,,5,6922386,16034232,16.4,1085
,,5,8115307,16128234,14.3,1692
,,5,4872310,16110431,22.2,2662
,,5,5769499,16081670,19.1,631
,,5,5790928,16408600,19.6,2390
,,11,19580233,29872433,15.2,1768
,,17,13546,5645968,15.8,1106
,,11,45949534,77178698,19.0,2594
,,2,208706437,231284556,31.5,3386
,,18,5181341,19558879,30.7,2729
,,8,108039422,126102820,16.6,2513
,,8,102261691,125968156,22.7,1219
,,22,45161740,50079434,18.3,1787
,,1,20793015,37534255,20.0,1583
,,11,93637839,117960138,26.0,4196
,,16,62571383,86114829,42.1,1632
,,10,95064137,117854042,22.8,3496
,,14,48994889,58295247,11.7,1711
,,1,90601007,113449627,22.5,3252
,,5,8319421,16829132,15.2,484
DT2180396,,6,107154445,136224650,25.6,3764
DT2180396,,6,123865515,137363835,15.8,1976
DT2180396,,13,60184047,99001223,36.6,6372
DT2180396,,6,123846449,137352519,15.8,576
DT2180396,,13,74860476,99025982,24.4,3397
DT2180396,,16,101263,5023521,10.8,797
DT2180396,,16,5631166,12652425,18.7,2065
DT2180396,,1,43350603,66058513,24.5,4112
DT2180396,,21,41297992,46655385,15.5,725
DT2180396,,13,60965482,92371090,26.2,1208
DT2180396,,6,88973751,106548730,16.3,789
DT2180396,,3,70229761,102058887,18.5,1037
DT2180396,,16,101263,4942099,10.7,792
DT2180396,,16,5685071,12640309,18.5,2041
DT2180396,,8,16796681,25242876,15.3,2466
DT2180396,,3,176590693,190700956,24.9,886
DT2180396,,6,124178280,137372463,15.3,644
DT2180396,,13,91974018,99024955,10.3,385
,,18,6001128,12399481,22.9,1709
,,18,6487465,12741370,21.4,1585
,,18,6040528,9814778,15.4,976
,,18,8446393,19654137,16.5,1408
,,18,6783759,10948635,16.3,1143
,,18,5181341,19558879,30.7,2729
,,18,6092335,12747012,22.8,574
,,18,7383326,12747012,16.6,1635
,,18,5195573,9783269,18.4,1504
,,18,24062211,44216758,17.0,3300
,,18,6133402,11649014,21.1,1854
,,18,5985892,13033053,23.7,1158
,,18,7054431,20796504,23.9,1951
,,18,7192874,20796504,23.1,1906
,,18,7143714,13033053,18.4,1427
,,18,6107360,12415885,22.5,2049
,,18,6107360,11075734,19.6,1713
,,18,7132405,12834359,18.1,483
,,18,6107360,11649014,21.2,1870
,,5,4725405,16408600,23.2,2194
,,10,90744325,108818287,16.3,2551
,,11,124453666,134926754,23.1,2437
,,15,57725259,80014686,29.4,3347
,,5,4872310,16158739,22.3,2229
,,5,6249440,16034232,17.8,758
,,19,45147719,55195013,30.8,2793
,,18,6923291,12429202,18.8,1802
,,5,159320525,178719364,38.0,3657
,,5,168514867,178503640,24.7,2628
,,17,72166941,76804108,11.9,1278
,,5,148114806,171335293,32.7,4045
,,6,143083063,158486110,20.4,2886
,,19,15093503,34429795,19.9,2432
,,17,13703203,32810443,21.7,722
,,7,173599,8215475,13.9,1837
,,19,15093503,34429795,19.9,2581
,,19,15008714,34429795,20.0,2601
,,5,168391942,178719364,25.3,2781
,,9,76246845,89142905,18.7,2337
,,9,77404435,89336987,18.0,720
,,9,77442616,89440597,18.2,722
,,5,4725405,16408600,23.2,2194
,,18,6487465,12741370,21.4,1585
,,11,45949534,77178698,19.0,2594
,,3,176691296,188689987,20.0,1838
,,15,94193200,98674403,15.6,1322
,,9,77406281,89199498,17.7,1278
,,9,115781111,129166088,17.3,2287
,,9,115938750,129059870,16.9,2689
,,11,45711030,78973716,21.2,3170
,,11,124453666,134926754,23.1,2437
,,19,15012726,35219548,21.5,1788
,,9,119990164,133888771,19.3,1523
,,8,94999197,120435705,22.0,3949
,,19,15093503,34371198,19.8,2450
,,9,115781111,127821778,16.2,2463
,,19,15012726,35219548,21.5,1788
,,19,15093503,34429795,19.9,2581
,,19,15012726,34069166,19.1,2479
,,19,15093503,34371198,19.8,2450
,,19,15089173,34735393,20.6,2637
,,19,15008714,34429795,20.0,2601
,,5,168391942,178719364,25.3,2781
,,21,41297992,46655385,15.5,725
,,8,106319151,126830010,19.5,1032
,,19,15093503,34429795,19.9,2432
,,18,6001128,12399481,22.9,1709
,,18,6487465,12741370,21.4,1585
,,18,8446393,19654137,16.5,1408
,,18,6783759,10948635,16.3,1143
,,18,5181341,19558879,30.7,2729
,,18,6092335,12747012,22.8,574
,,18,6923291,12429202,18.8,1802
,,18,6133402,11649014,21.1,1854
,,18,5985892,13033053,23.7,1158
,,18,7054431,20796504,23.9,1951
,,18,7192874,20796504,23.1,1906
,,18,7143714,13033053,18.4,1427
,,18,6107360,12415885,22.5,2049
,,18,6107360,11075734,19.6,1713
,,18,7132405,12834359,18.1,483
,,18,6107360,11649014,21.2,1870
,,18,6040528,9814778,15.4,976
,,18,5195573,9783269,18.4,1504
,,18,24062211,44216758,17.0,3300
,,9,77404435,89336987,18.0,720
,,18,7383326,12747012,16.6,1635
,,22,44886297,49900158,18.9,1424
,,22,45498003,49900158,16.2,1167
,,22,45126775,49900158,17.7,1410
,,22,45446874,50345729,18.0,1226
,,22,46258912,50345729,15.9,1021
,,22,45048253,49911908,18.1,1383
,,22,44886297,49900158,18.9,1486
,,22,44881968,49592082,17.4,1306
,,22,44886297,49877875,18.8,1430
,,22,44842354,50582550,21.2,1427
,,22,44886297,49877875,18.8,1429
,,22,44886297,49900158,18.9,1488
,,22,44881968,49741960,18.2,1335
,,22,44886297,49408735,16.3,1254
,,22,45437092,49900158,16.4,1632
,,22,45161740,50079434,18.3,1787
,,22,45119659,49877875,17.6,924
,,22,46258912,50108991,15.2,709
,,22,45119659,49900158,17.7,1385
,,22,44886297,49915072,18.9,484
,,22,44778738,50079434,20.1,522
,,22,45057826,49911222,18.1,948
,,22,45161740,49745407,16.9,1303
,,22,44886297,49512164,16.9,1308
,,22,45498115,49900158,16.2,1210
,,22,44886297,50079434,19.6,1892
,,22,45161740,49900158,17.5,1746
,,22,44886297,49319259,15.7,1223
,,22,44886297,49380656,16.1,1611
,,22,44886297,50079434,19.6,1796
,,22,45157103,49900158,17.6,1483
,,5,159320525,178719364,38.0,3657
,,5,4717060,16102201,22.7,2159
,,5,8115307,16034232,14.1,1354
,,16,79465800,85335951,19.2,675
,,3,176647385,187004183,15.4,575
,,11,19569074,30047512,15.4,1927
,,1,41904847,62284504,20.9,2949
,,22,45107125,49911222,17.8,1773
,,16,101263,5023521,10.8,797
,,16,5631166,12652425,18.7,2065
,,16,6756396,16975959,20.0,2351
,,16,105320,10706872,27.1,1687
,,16,101263,4942099,10.7,792
,,16,5685071,12640309,18.5,2041
,,19,15012726,35219548,21.5,1788
,,16,79143983,84724890,19.0,1998
,,11,45949534,77178698,19.0,2594
,,16,77888266,83324765,17.7,614
,,20,49625623,57193906,18.8,2348
,,10,95064137,117854042,22.8,3496
,,14,48994889,58295247,11.7,1711
,,22,45161740,49745407,16.9,1303
,,3,61495,5277162,16.0,1836
,,8,78510649,105381212,22.4,3999
,,5,76868950,95508726,18.4,770
,,6,38989385,47981686,15.7,2040
,,16,5711291,13638938,21.4,2774
,,19,45202052,51954858,17.3,1652
,,19,45147719,55195013,30.8,2793
,,16,80945538,85230723,15.9,1722
,,19,6944843,15143453,16.4,1315
,,11,19580233,30378559,15.5,1740
,,19,15093503,34371198,19.8,2450
,,9,76944989,93975471,27.3,1295
,,19,45132364,56308689,34.6,3306
,,15,57725259,80014686,29.4,3347
,,15,66358474,81133856,17.8,2059
,,15,61314596,81161130,23.6,866
,,15,61103590,71927201,16.5,1884
,,15,54796677,81132202,32.6,4807
,,15,57750647,79999877,29.3,3819
,,13,103828640,111153479,21.0,1948
,,22,45446874,50345729,18.0,1226
,,8,22784735,36986164,15.6,1994
,,15,59478485,70516482,16.0,1825
,,12,191619,6196183,16.8,1840
,,8,22898222,36987204,15.4,2184
,,6,3302217,11516046,19.0,1819
,,18,7192874,20796504,23.1,1906
,,15,65335863,80033885,17.9,1988
,,19,45132364,56308689,34.6,3306
,,19,45147719,55195013,30.8,2793
,,16,6756396,16975959,20.0,2351
,,6,147912444,159007004,17.6,2232
,,6,55766417,90683587,18.1,3195
,,18,8440292,11675256,10.5,1134
,,1,40974156,60474983,19.4,3301
,,6,88973751,106548730,16.3,789
,,15,42085017,59770234,16.1,2601
,,1,40974156,60474983,19.4,3140
,,2,106682622,123139879,15.2,1960
,,13,23396326,30047005,15.7,547
,,19,45202052,51954858,17.3,1652
,,22,44886297,49900158,18.9,1424
,,22,45498003,49900158,16.2,1167
,,22,45126775,49900158,17.7,1410
,,22,45446874,50345729,18.0,1226
,,22,46258912,50345729,15.9,1021
,,22,45048253,49911908,18.1,1383
,,22,44886297,49900158,18.9,1486
,,22,44881968,49592082,17.4,1306
,,22,44886297,49877875,18.8,1430
,,22,44842354,50582550,21.2,1427
,,22,44886297,49877875,18.8,1429
,,22,44886297,49900158,18.9,1488
,,22,44881968,49741960,18.2,1335
,,22,44886297,49408735,16.3,1254
,,22,45107125,49911222,17.8,1773
,,22,45161740,50079434,18.3,1787
,,22,45119659,49877875,17.6,924
,,22,46258912,50108991,15.2,709
,,22,45119659,49900158,17.7,1385
,,22,44886297,49915072,18.9,484
,,22,44778738,50079434,20.1,522
,,22,45057826,49911222,18.1,948
,,22,45161740,49745407,16.9,1303
,,22,44886297,49512164,16.9,1308
,,22,45498115,49900158,16.2,1210
,,22,44886297,50079434,19.6,1892
,,22,45161740,49900158,17.5,1746
,,22,44886297,49319259,15.7,1223
,,22,44886297,49380656,16.1,1611
,,22,44886297,50079434,19.6,1796
,,22,45157103,49900158,17.6,1483
,,5,159320525,178719364,38.0,3657
,,8,19054974,29453239,17.9,2193
,,1,53901837,64426469,16.2,637
,,6,25976927,42462055,15.4,6971
,,22,45437092,49900158,16.4,1632
,,18,63417004,77991527,32.1,2960
,,18,69327605,75215111,17.7,1826
,,3,2195312,5791627,12.5,1333
,,11,32571594,44705461,14.9,2329
,,12,15235173,25243893,13.9,2152
,,12,51713586,99135638,46.5,7962
,,18,49488572,67084661,25.5,3504
,,8,77118604,101472510,17.1,2734
,,8,77118604,101472510,17.1,2735
,,18,6487465,12741370,21.4,1585
,,18,8446393,19654137,16.5,1408
,,14,58295247,78779686,20.4,3861
,,5,162677234,172038164,18.7,2290
,,8,16655774,25889446,16.4,2395
,,5,162736772,172038164,18.6,2281
,,2,106682622,123139879,15.2,1960
,,14,29504355,40164269,18.3,2076
,,5,76868950,95508726,18.4,770
,,18,57634727,77997052,42.4,4898
,,20,49687290,57196464,18.6,2324
,,20,49625623,57193906,18.8,2348
,,20,51851473,57958335,16.6,1948
,,20,51527356,58023771,17.6,773
,,1,211877481,228916634,16.2,2535
,,16,55736527,82068897,36.4,4335
,,17,13546,5645968,15.8,1106
,,3,23770133,42378073,19.7,2854
,,9,3106474,9918976,15.9,2211
,,18,8440292,11675256,10.5,1134
,,18,44150558,57138957,15.5,2519
,,9,119990164,133888771,19.3,1523
,,5,31469172,41301008,14.1,2042
,,14,29190652,34853118,13.7,1072
,,20,48591758,57957021,22.3,2830
,,4,81209842,100045574,17.0,2180
,,11,19538163,30047512,15.5,1740
,,18,6092335,12747012,22.8,574
,,4,134784379,156555835,22.5,926
,,7,173599,8215475,13.9,1837
,,8,94999197,120435705,22.0,3949
,,7,9521934,20737300,16.4,2779
,,18,6107360,11649014,21.2,1870
,,4,70513710,91748644,21.9,3200
,,16,79143983,85230723,21.3,2203
,,16,80945538,85230723,15.9,1722
,,16,81244502,85531362,15.5,1648
,,16,79738625,85296204,18.1,1989
,,16,80419872,85296204,17.0,1820
,,16,79143983,84724890,19.0,1998
,,16,77879657,82428543,15.4,1497
,,16,79305577,83040846,10.7,1167
,,16,80641397,85296204,16.7,574
,,16,79460198,85275835,19.0,671
,,16,77888266,83324765,17.7,614
,,16,79514155,85207028,18.6,2513
,,16,79130890,84069768,15.7,550
,,16,78958477,84623076,19.9,2365
,,16,78635695,85230723,24.7,2463
,,16,78629320,84729712,22.5,2822
,,16,76055486,85226863,28.1,3108
,,6,147185851,158980351,18.4,2350
,,3,176750426,190722423,24.7,2275
,,22,44886297,49408735,16.3,1254
,,1,57211976,68105186,15.5,1994
,,1,43254108,60448209,17.2,2897
,,22,45107125,49911222,17.8,1773
,,1,53901837,64426469,16.2,637
,,9,133981491,139077343,17.3,711
,,17,71703758,77430593,16.8,1585
,,5,6922386,16034232,16.4,1085
,,3,63411,5522945,16.7,1085
,,22,45119659,49877875,17.6,924
,,11,19569074,30047512,15.4,1927
,,8,106319151,126830010,19.5,1032
,,3,63411,5343801,16.2,938
,,15,94187859,100828865,20.4,556
,,9,76246845,89142905,18.7,2337
,,3,61495,5492484,16.6,1554
,,1,41904847,62284504,20.9,2949
,,22,45161740,49900158,17.5,1746
,,22,44886297,49319259,15.7,1223
,,3,176590693,190700956,24.9,886
,,16,79465800,85335951,19.2,675
,,17,13546,5830838,16.4,1172
,,10,90744325,108818287,16.3,2551
,,17,13546,5645968,15.8,1106
,,12,191619,6196183,16.8,1840
,,5,168391942,178719364,25.3,2781
,,15,46666881,61177888,15.5,2839
,,20,2656328,9171861,17.8,1942
,,8,16690648,29266126,22.5,999
,,6,88973751,106548730,16.3,789
,,15,61314596,81161130,23.6,866
,,8,106319151,126830010,19.5,1032
,,1,52097580,68487020,22.6,946
,,12,15233495,26532629,16.2,2190
,,17,13546,5616579,15.8,1314
,,18,13775272,59420763,45.1,1924
,,17,13703203,32810443,21.7,722
HC,,13,103828640,111153479,21.0,1948
HC,,18,4339053,8468304,17.3,1022
HC,,6,123865515,137363835,15.8,1976
HC,,3,8095826,20996215,18.8,2270
HC,,18,6040528,9814778,15.4,976
HC,,18,67943953,75838302,21.1,1864
HC,,4,81209842,100045574,17.0,2180
HC,,18,6923291,12429202,18.8,1802
HC,,15,46666881,61177888,15.5,2839
HC,,7,40760498,73814702,25.1,1376
HC,,9,119990164,133888771,19.3,1523
HC,,5,94316007,115120408,16.5,1856
HC,,8,106319151,126830010,19.5,1032
HC,,19,15093503,34429795,19.9,2581
,,1,40974156,64555255,25.1,3308
,,1,40974156,62284504,22.0,3126
,,1,48053426,66691885,21.7,2935
,,1,53778904,68105186,20.7,2653
,,1,41032059,62284504,21.9,3118
,,1,57400984,68105186,15.2,1939
,,1,57360450,68105186,15.3,1941
,,1,57211976,68105186,15.5,1994
,,1,53901837,68401005,20.9,877
,,1,41255120,62109502,21.3,3613
,,1,43254108,60448209,17.2,2897
,,1,40974156,67352960,28.1,2719
,,1,43350603,66058513,24.5,4112
,,1,40974156,60474983,19.4,3301
,,1,48174867,62032669,15.8,2084
,,1,54354658,67937751,19.5,3001
,,1,53259950,68105186,21.3,1921
,,1,40974156,67937751,29.0,2783
,,1,40974156,60474983,19.4,3140
,,1,55261752,68105186,18.2,2829
,,1,52097580,68487020,22.6,946
,,1,41904847,62284504,20.9,2949
,,1,41032059,68105186,29.2,4892
,,16,80945538,85230723,15.9,1722
,,22,44886297,49877875,18.8,1430
,,8,19039642,29394781,17.9,2188
,,16,79143983,84724890,19.0,1998
,,3,61495,5345166,16.2,1495
,,5,6249440,16034232,17.8,758
,,22,45437092,49900158,16.4,1632
,,16,79465800,85335951,19.2,675
,,16,79460198,85275835,19.0,671
,,9,133981491,139077343,17.3,711
,,18,7054431,20796504,23.9,1951
,,3,63411,5522945,16.7,1085
,,12,53323694,79506862,25.5,2515
,,22,44778738,50079434,20.1,522
,,3,61495,5277162,16.0,1753
,,9,134212428,139077343,16.8,1533
,,16,76055486,85226863,28.1,3108
,,22,45161740,49745407,16.9,1303
,,22,44886297,49512164,16.9,1308
,,3,61495,5332265,16.1,1517
,,3,61495,5277162,16.0,1836
,,22,44886297,49319259,15.7,1223
,,1,53901837,64426469,16.2,637
,,15,42134301,60984270,17.6,2555
,,15,46651153,62460328,17.7,2521
,,15,51979674,64168647,15.6,2731
,,15,42085017,59770234,16.1,2601
,,15,48070793,64168647,17.8,3314
,,15,46821267,64236441,19.5,3540
,,17,37036554,63111452,27.3,3149
,,20,24247556,41711226,10.3,1694
,,18,8440292,11675256,10.5,1134
,,17,13703203,32810443,21.7,722
,,3,2195312,5791627,12.5,1333
,,11,32571594,44705461,14.9,2329
,,12,15235173,25243893,13.9,2152
,,12,51713586,99135638,46.5,7962
,,18,49488572,67084661,25.5,3504
,,8,106319151,126830010,19.5,1032
,,5,162736772,172038164,18.6,2281
,,5,127803816,157191954,28.4,5017
,,6,165632,5923152,16.8,1820
,,6,150727036,162646769,18.4,2975
,,7,32199098,41241212,10.5,1733
,,8,102516385,125968156,22.1,3719
,,10,126062763,130740976,12.4,1504
,,12,17564072,59286610,37.9,6878
,,15,71956136,89620670,18.0,3069
,,20,15631758,46268493,31.7,5379
,,15,46666881,61177888,15.5,2839
,,11,33961756,69351911,25.0,3604
,,18,57634727,77997052,42.4,4898
,,5,127803816,157191954,28.4,5017
,,6,165632,5923152,16.8,1820
,,6,150727036,162646769,18.4,2975
,,7,32199098,41241212,10.5,1733
,,8,102516385,125968156,22.1,3719
,,10,126062763,130740976,12.4,1504
,,12,17564072,59286610,37.9,6878
,,15,71956136,89620670,18.0,3069
,,20,15631758,46268493,31.7,5379
,,12,15233495,26532629,16.2,2190
,,5,61749048,80399926,20.0,2728
,,5,94610224,115285650,16.5,2675
,,19,39528932,55728651,39.7,3046
,,3,176691296,190791994,24.9,2297
,,3,65289530,101911058,24.2,3743
,,12,125269323,128642674,11.2,859
,,15,46666881,61177888,15.5,2839
,,8,102261691,125968156,22.7,1219
,,6,32737494,48162231,22.2,3836
,,2,106682622,123139879,15.2,1960
,,12,125198575,128546979,10.9,1078
,,3,2195312,5791627,12.5,1333
,,11,32571594,44705461,14.9,2329
,,12,15235173,25243893,13.9,2152
,,12,51713586,99135638,46.5,7962
,,18,49488572,67084661,25.5,3504
,,8,102109037,126102820,23.4,3858
,,8,102261691,125968156,22.7,1219
,,8,102145463,125968156,23.0,3815
,,5,127803816,157191954,28.4,5017
,,6,165632,5923152,16.8,1820
,,6,150727036,162646769,18.4,2975
,,7,32199098,41241212,10.5,1733
,,8,102516385,125968156,22.1,3719
,,10,126062763,130740976,12.4,1504
,,12,17564072,59286610,37.9,6878
,,15,71956136,89620670,18.0,3069
,,20,15631758,46268493,31.7,5379
,,8,102428258,126102820,22.6,3777
,,22,45446874,50345729,18.0,1226
,,18,44065959,59020960,19.6,3055
,,11,19580233,29884984,15.2,2087
,,5,8319421,16829132,15.2,484
,,17,207618,5636209,15.2,1382
,,5,94316007,115120408,16.5,1856
,,8,106319151,126830010,19.5,1032
,,6,99921822,117831565,15.6,2349
,,15,54796677,81132202,32.6,4807
,,8,108039422,126102820,16.6,2513
,,8,108039422,126102820,16.6,2513
,,8,102261691,125968156,22.7,1219
,,8,102145463,125968156,23.0,3815
,,5,127803816,157191954,28.4,5017
,,6,165632,5923152,16.8,1820
,,6,150727036,162646769,18.4,2975
,,7,32199098,41241212,10.5,1733
,,8,102516385,125968156,22.1,3719
,,10,126062763,130740976,12.4,1504
,,12,17564072,59286610,37.9,6878
,,15,71956136,89620670,18.0,3069
,,20,15631758,46268493,31.7,5379
,,8,102428258,126102820,22.6,3777
,,3,176693589,189170348,21.1,2457
,,8,102109037,126102820,23.4,3858
,,8,77118604,101472510,17.1,2734
,,8,76215616,119856209,31.9,5175
,,8,77118604,107214049,24.3,3676
,,8,77118604,101472510,17.1,2735
,,8,76226176,105696848,23.6,3444
,,8,92295114,121603802,25.0,3578
,,8,76560454,126781758,43.2,6107
,,8,96232747,124865882,27.9,3900
,,8,76226176,123574070,36.5,5933
,,8,96204142,103591361,10.2,507
,,8,75659213,117630683,30.2,1535
,,8,94999197,120435705,22.0,3949
,,8,78510649,105381212,22.4,3999
,,8,89763735,120218092,25.0,4562
,,8,80663308,101524955,16.0,2895
,,19,15012726,35219548,21.5,1788
,,6,76127504,101967710,17.9,3015
,,6,88973751,106548730,16.3,789
,,8,98364203,121830295,19.1,3027
,,8,106319151,126830010,19.5,1032
,,12,125198575,128546979,10.9,1078
,,8,80290562,105409476,22.1,1013
,,1,40974156,64555255,25.1,3308
,,1,40974156,62284504,22.0,3126
,,1,48053426,66691885,21.7,2935
,,1,53778904,68105186,20.7,2653
,,1,41032059,62284504,21.9,3118
,,1,57400984,68105186,15.2,1939
,,1,57360450,68105186,15.3,1941
,,1,57211976,68105186,15.5,1994
,,1,53901837,68401005,20.9,877
,,1,41255120,62109502,21.3,3613
,,1,43254108,60448209,17.2,2897
,,1,40974156,67352960,28.1,2719
,,1,53901837,64426469,16.2,637
,,1,40974156,60474983,19.4,3301
,,1,48174867,62032669,15.8,2084
,,1,54354658,67937751,19.5,3001
,,1,53259950,68105186,21.3,1921
,,1,40974156,67937751,29.0,2783
,,1,40974156,60474983,19.4,3140
,,1,55261752,68105186,18.2,2829
,,1,52097580,68487020,22.6,946
,,1,41904847,62284504,20.9,2949
,,1,41032059,68105186,29.2,4892
,,6,124178280,137372463,15.3,644
,,13,91974018,99024955,10.3,385
,,16,78958477,84623076,19.9,2365
,,3,61495,5492484,16.6,1554
,,1,43350603,66058513,24.5,4112
,,6,8361391,17066353,16.6,1735
,,4,135474690,156584397,22.1,2563
,,4,135475307,156575786,22.0,1754
,,15,61103590,71927201,16.5,1884
,,3,176590693,190700956,24.9,886
,,1,40974156,64555255,25.1,3308
,,1,40974156,62284504,22.0,3126
,,1,48053426,66691885,21.7,2935
,,1,53778904,68105186,20.7,2653
,,1,41032059,62284504,21.9,3118
,,1,53901837,68401005,20.9,877
,,1,41255120,62109502,21.3,3613
,,1,43254108,60448209,17.2,2897
,,1,40974156,67352960,28.1,2719
,,1,53901837,64426469,16.2,637
,,1,43350603,66058513,24.5,4112
,,1,48174867,62032669,15.8,2084
,,1,53259950,68105186,21.3,1921
,,1,40974156,67937751,29.0,2783
,,1,40974156,60474983,19.4,3140
,,1,52097580,68487020,22.6,946
,,1,41904847,62284504,20.9,2949
,,1,41032059,68105186,29.2,4892
,,4,81209842,100045574,17.0,2180
,,19,45202052,51954858,17.3,1652
,,3,176693589,189170348,21.1,2457
,,1,54354658,67937751,19.5,3001
,,3,63411,5373391,16.3,1052
,,1,55261752,68105186,18.2,2829
,,3,61495,5492484,16.6,1554
,,3,61495,5332265,16.1,1517
,,1,40974156,60474983,19.4,3301
,,20,63244,6100088,19.7,1660
,,5,4872310,16158739,22.3,2229
,,5,2908851,9997370,18.3,1738
,,17,13703203,32810443,21.7,722
,,1,40974156,67937751,29.0,2783
,,16,79130890,84069768,15.7,550
,,13,23396326,30047005,15.7,547
,,20,2656328,9171861,17.8,1942
,,14,29230860,40342577,18.5,1712
,,14,29504355,40824636,18.5,2238
,,14,30985803,38991928,15.6,1495
,,14,29190652,34853118,13.7,1072
,,14,29504355,40164269,18.3,2076
,,6,25842605,42471579,15.6,3219
,,15,94328994,99290406,16.9,1268
,,2,208706437,231284556,31.5,3386
,,2,208716745,231683849,32.2,3695
,,6,88973751,106548730,16.3,789
,,16,62571383,86114829,42.1,1632
,,1,171735198,195923038,18.6,901
,,12,54134291,79595885,24.7,1170
,,14,30043269,39319551,17.3,1071
,,16,79143983,85230723,21.3,2203
,,16,80945538,85230723,15.9,1722
,,16,81244502,85531362,15.5,1648
,,16,79738625,85296204,18.1,1989
,,16,80419872,85296204,17.0,1820
,,16,79143983,84724890,19.0,1998
,,16,80641397,85296204,16.7,574
,,16,79465800,85335951,19.2,675
,,16,77888266,83324765,17.7,614
,,16,79514155,85207028,18.6,2513
,,16,79130890,84069768,15.7,550
,,16,78958477,84623076,19.9,2365
,,16,78635695,85230723,24.7,2463
,,16,78629320,84729712,22.5,2822
,,16,76055486,85226863,28.1,3108
,,3,181954164,190722423,20.2,1694
,,1,53778904,68105186,20.7,2653
,,22,44886297,49877875,18.8,1429
,,17,13546,5645968,15.8,1106
,,16,77879657,82428543,15.4,1497
,,16,79305577,83040846,10.7,1167
,,1,53901837,68401005,20.9,877
,,1,53901837,64426469,16.2,637
,,3,178173268,188662678,18.2,1215
,,22,46258912,50108991,15.2,709
,,22,44886297,49915072,18.9,484
,,22,45057826,49911222,18.1,948
,,1,52097580,68487020,22.6,946
,,16,79460198,85275835,19.0,671
,,3,179619860,189553287,19.1,1638
,,3,181954164,190722423,20.2,1694
,,3,176691296,190791994,24.9,2297
,,3,176750426,190722423,24.7,2275
,,3,176691296,188689987,20.0,1838
,,3,178105341,188397584,17.7,1590
,,3,176691296,190593084,24.5,2152
,,3,176647385,187004183,15.4,575
,,3,178173268,188662678,18.2,1218
,,3,178173268,188662678,18.2,1215
,,3,177932934,188662678,18.5,1230
,,3,179460825,190865991,22.4,2463
,,3,176590693,190700956,24.9,886
,,18,4339053,8468304,17.3,1022
,,1,40974156,62284504,22.0,3126
,,3,61495,5522945,16.7,1557
,,8,102109037,126102820,23.4,3858
,,1,40974156,60474983,19.4,3301
,,1,52097580,68487020,22.6,946
,,22,45161740,49745407,16.9,1303
,,22,45498115,49900158,16.2,1210
,,1,41904847,62284504,20.9,2949
,,3,176693589,189170348,21.1,2457
,,6,3153383,11333684,19.1,1821
,,6,25842605,42471579,15.6,3219
,,17,13546,5830838,16.4,1172
,,10,90744325,108818287,16.3,2551
,,11,100510448,122466121,25.2,3393
,,3,62527223,73497023,17.7,2157
,,15,65335863,80033885,17.9,1988
,,3,176647385,187004183,15.4,575
,,1,171735198,195923038,18.6,901
,,12,54134291,79595885,24.7,1170
,,22,45157103,49900158,17.6,1483
,,6,3302217,11516046,19.0,1819
,,6,3302217,11516046,19.0,1819
,,6,25842605,42471579,15.6,3219
,,10,90744325,108818287,16.3,2551
,,8,103529405,126781758,21.4,2992
,,7,40809143,69238158,20.5,2876
,,8,51564759,62723254,12.4,1477
,,9,19397040,38661416,22.4,3141
,,9,133981491,139077343,17.3,711
,,19,15093503,34371198,19.8,2450
,,22,45157103,49900158,17.6,1483
,,6,3153383,11333684,19.1,1821
J,,3,133877570,147794002,13.9,2136
J,,19,7635856,15141624,14.3,1155
J,,11,100271469,122675454,26.1,1239
J,,16,79130890,84069768,15.7,550
J,,1,55261752,68105186,18.2,2829
J,,5,5769499,16081670,19.1,631
J,,5,5790928,16408600,19.6,2390
J,,8,89763735,120218092,25.0,4562
J,,19,45147719,55195013,30.8,2793
J,,3,133701960,147794002,14.2,1858
,,15,94193200,102224341,25.7,1854
,,15,94187859,102385044,26.3,1880
,,15,94328994,99290406,16.9,1268
,,15,94179432,102274497,26.1,549
,,15,94187859,100828865,20.4,556
,,14,29230860,40342577,18.5,1712
,,21,28196045,43102097,30.1,2897
,,9,77406281,89199498,17.7,1278
,,10,108216760,125192081,25.3,3720
,,7,116839950,138013414,20.4,3146
,,15,94193200,98674403,15.6,1322
,,8,75939401,102627955,20.0,2966
,,3,178105341,188397584,17.7,1590
,,7,116839950,138013414,20.4,3146
,,9,76944989,93975471,27.3,1295
,,6,38989385,47981686,15.7,2040
,,17,42892795,63090555,22.8,3220
,,5,159320525,178719364,38.0,3657
,,20,49687290,57196464,18.6,2324
,,20,48591758,57957021,22.3,2830
,,20,49625623,57193906,18.8,2348
,,15,61314596,81161130,23.6,866
,,19,15012726,34069166,19.1,2479
,,5,76868950,95508726,18.4,770
,,8,108039422,126102820,16.6,2513
,,8,102109037,126102820,23.4,3858
,,8,102145463,125968156,23.0,3815
,,5,127803816,157191954,28.4,5017
,,6,165632,5923152,16.8,1820
,,6,150727036,162646769,18.4,2975
,,7,32199098,41241212,10.5,1733
,,8,102516385,125968156,22.1,3719
,,10,126062763,130740976,12.4,1504
,,12,17564072,59286610,37.9,6878
,,15,71956136,89620670,18.0,3069
,,20,15631758,46268493,31.7,5379
,,8,102428258,126102820,22.6,3777
,,7,80611355,95697118,13.3,1831
,,16,80641397,85296204,16.7,574
,,2,26199220,40135076,15.9,2498
,,5,8319421,16829132,15.2,484
,,3,2195312,5791627,12.5,1333
,,11,32571594,44705461,14.9,2329
,,12,15235173,25243893,13.9,2152
,,12,51713586,99135638,46.5,7962
,,18,49488572,67084661,25.5,3504
,,16,77888266,83324765,17.7,614
,,6,88973751,106548730,16.3,789
,,16,105320,10706872,27.1,1687
,,5,76868950,95508726,18.4,770
,,8,102261691,125968156,22.7,1219
,,3,179619860,189553287,19.1,1638
,,3,181954164,190722423,20.2,1694
,,3,176691296,190791994,24.9,2297
,,3,176750426,190722423,24.7,2275
,,3,176691296,188689987,20.0,1838
,,3,178105341,188397584,17.7,1590
,,3,176693589,189170348,21.1,2457
,,3,176647385,187004183,15.4,575
,,3,178173268,188662678,18.2,1218
,,3,178173268,188662678,18.2,1215
,,3,177932934,188662678,18.5,1230
,,3,179460825,190865991,22.4,2463
,,3,176590693,190700956,24.9,886
,,22,44886297,49877875,18.8,1430
,,22,44886297,49512164,16.9,1308
,,22,44886297,50079434,19.6,1796
,,3,176691296,190593084,24.5,2152
,,3,8316110,20996215,18.2,2255
,,3,8327085,21083986,18.3,2239
,,3,8095826,20996215,18.8,2270
,,18,6487465,12741370,21.4,1585
,,3,61495,5345166,16.2,1495
,,2,25755848,39930277,16.1,2522
,,2,26199220,40135076,15.9,2498
,,2,12581267,23095572,15.2,573
,,1,171608466,193921548,17.4,2668
,,12,53323694,79506862,25.5,2515
,,15,48070793,64168647,17.8,3314
,,8,78510649,105381212,22.4,3999
,,18,13775272,59420763,45.1,1924
,,3,8316110,20996363,18.2,2792
,,7,106306401,130589791,18.2,2451
,,15,94187859,102385044,26.3,1880
,,17,131918,5616579,15.6,1097
,,3,63788094,87276699,23.1,3010
,,6,143083063,158486110,20.4,2886
,,7,40809143,69238158,20.5,2876
,,8,51564759,62723254,12.4,1477
,,11,45239959,93787542,32.8,4973
,,15,59478485,70516482,16.0,1825
,,15,94193200,98674403,15.6,1322
,,7,40760498,73814702,25.1,1376
,,13,60965482,92371090,26.2,1208
,,5,162677234,172038164,18.7,2290
,,9,119990164,133888771,19.3,1523
,,9,76246845,89142905,18.7,2337
,,19,50289859,54443866,17.2,1250
,,10,108216760,125192081,25.3,3720
,,14,63526171,78568445,16.3,1624
,,14,58295247,78539977,20.1,3764
,,14,58295247,76871801,17.6,2643
,,8,77118604,101472510,17.1,2734
,,7,106306401,130589791,18.2,2451
,,1,40974156,62284504,22.0,3126
,,8,77118604,101472510,17.1,2735
,,15,94328994,99290406,16.9,1268
,,9,3106474,9918976,15.9,2211
,,18,69327605,75215111,17.7,1826
,,18,57634727,77997052,42.4,4898
,,7,40760498,73814702,25.1,1376
,,5,162677234,172038164,18.7,2290
,,5,162736772,172038164,18.6,2281
,,8,102428258,126102820,22.6,3777
,,15,48070793,64168647,17.8,3314
,,7,116839950,138013414,20.4,3146
,,22,45157103,49900158,17.6,1483
,,5,2689047,9978292,18.8,2230
,,14,58295247,78779686,20.4,3861
,,17,13546,5830838,16.4,1172
,,17,131918,5616579,15.6,1097
,,17,13546,5645968,15.8,1106
,,17,228978,5855267,15.8,1347
,,17,13546,5616579,15.8,1314
,,5,148114806,171335293,32.7,4045
,,8,108039422,126102820,16.6,2513
,,1,171608466,193921548,17.4,2668
,,8,96204142,103591361,10.2,507
,,4,11328556,30645543,25.8,3357
,,17,207618,5636209,15.2,1382
,,15,42134301,60984270,17.6,2555
,,15,46651153,62460328,17.7,2521
,,15,46666881,61177888,15.5,2839
,,15,48070793,64168647,17.8,3314
,,15,46821267,64236441,19.5,3540
,,5,148114806,171335293,32.7,4045
,,6,107154445,136224650,25.6,3764
,,5,2908851,9997370,18.3,1738
,,18,69327605,75215111,17.7,1826
,,15,42085017,59770234,16.1,2601
,,15,51979674,64168647,15.6,2731
,,14,29230860,40342577,18.5,1712
,,14,30043269,39319551,17.3,1071
,,14,30985803,38991928,15.6,1495
,,14,29190652,34853118,13.7,1072
,,14,29504355,40164269,18.3,2076
,,14,29504355,40824636,18.5,2238
,,8,16870536,27479227,18.4,2571
,,8,16690648,27458294,18.7,2622
,,8,19039642,29394781,17.9,2188
,,8,19054974,29453239,17.9,2193
,,8,16655774,25889446,16.4,2395
,,8,16796681,25242876,15.3,2466
,,5,148114806,171335293,32.7,4045
,,15,94187859,102385044,26.3,1880
,,18,4150108,8467173,17.9,1075
,,10,73729752,105246283,29.9,4396
,,3,8095826,20996215,18.8,2270
,,17,13703203,32810443,21.7,722
,,8,80663308,101524955,16.0,2895
,,8,16690648,29266126,22.5,999
,,19,6965278,15143453,16.3,1308
,,19,6944843,15143453,16.4,1315
,,16,6756396,16975959,20.0,2351
,,3,65289530,101911058,24.2,3743
,,20,48591758,57957021,22.3,2830
,,17,207618,5636209,15.2,1382
,,1,211774350,229003739,16.3,3018
,,5,94316007,115120408,16.5,1856
,,5,162736772,172038164,18.6,2281
,,18,6107360,11075734,19.6,1713
,,18,7132405,12834359,18.1,483
,,13,74860476,99025982,24.4,3397
,,15,94193200,102224341,25.7,1854
,,13,105025012,110304057,15.2,1389
,,14,76989856,90539350,15.9,2016
,,2,26199220,40135076,15.9,2498
,,15,65335863,80033885,17.9,1988
,,13,74860476,99025982,24.4,3397
,,16,79143983,85230723,21.3,2203
,,16,79738625,85296204,18.1,1989
,,16,79143983,84724890,19.0,1998
,,16,77879657,82428543,15.4,1497
,,16,79305577,83040846,10.7,1167
,,16,79465800,85335951,19.2,675
,,16,79460198,85275835,19.0,671
,,16,79514155,85207028,18.6,2513
,,16,79130890,84069768,15.7,550
,,16,78635695,85230723,24.7,2463
,,16,78629320,84729712,22.5,2822
,,16,76055486,85226863,28.1,3108
,,16,80945538,85230723,15.9,1722
,,3,181954164,190722423,20.2,1694
,,1,53778904,68105186,20.7,2653
,,16,80419872,85296204,17.0,1820
,,18,4150108,8467173,17.9,1075
,,3,176750426,190722423,24.7,2275
,,16,80641397,85296204,16.7,574
,,16,5711291,13638938,21.4,2774
,,8,102261691,125968156,22.7,1219
,,5,6922386,16034232,16.4,1085
,,5,8115307,16128234,14.3,1692
,,22,44886297,49915072,18.9,484
,,16,78958477,84623076,19.9,2365
,,3,61495,5277162,16.0,1836
,,22,44886297,49380656,16.1,1611
,,20,51527356,58023771,17.6,773
,,11,19569074,29884984,15.3,2110
,,16,77888266,83324765,17.7,614
,,1,211877481,228916634,16.2,2535
,,16,101263,5023521,10.8,797
,,16,5631166,12652425,18.7,2065
,,10,90744325,108818287,16.3,2551
,,5,61749048,80399926,20.0,2728
,,5,94610224,115285650,16.5,2675
,,19,39528932,55728651,39.7,3046
,,12,125269323,128642674,11.2,859
,,6,88973751,106548730,16.3,789
,,6,123846449,137352519,15.8,576
,,14,58295247,78539977,20.1,3764
,,8,94999197,120435705,22.0,3949
,,5,127803816,157191954,28.4,5017
,,6,165632,5923152,16.8,1820
,,6,150727036,162646769,18.4,2975
,,7,32199098,41241212,10.5,1733
,,8,102516385,125968156,22.1,3719
,,10,126062763,130740976,12.4,1504
,,12,17564072,59286610,37.9,6878
,,15,71956136,89620670,18.0,3069
,,20,15631758,46268493,31.7,5379
,,16,101263,4942099,10.7,792
,,16,5685071,12640309,18.5,2041
,,12,125198575,128546979,10.9,1078
,,1,211774350,229003739,16.3,3018
,,18,44065959,59020960,19.6,3055
,,18,13775272,59420763,45.1,1924
,,8,22784735,36986164,15.6,1994
,,8,22898222,36987204,15.4,2184
,,20,48591758,57957021,22.3,2830
,,4,134784379,156555835,22.5,926
,,8,80663308,101524955,16.0,2895
,,18,44150558,57138957,15.5,2519
,,1,40974156,64555255,25.1,3308
,,1,40974156,62284504,22.0,3126
,,1,48053426,66691885,21.7,2935
,,1,53778904,68105186,20.7,2653
,,1,41032059,62284504,21.9,3118
,,1,53901837,68401005,20.9,877
,,1,41255120,62109502,21.3,3613
,,1,43254108,60448209,17.2,2897
,,1,40974156,67352960,28.1,2719
,,1,53901837,64426469,16.2,637
,,1,43350603,66058513,24.5,4112
,,1,40974156,60474983,19.4,3301
,,1,54354658,67937751,19.5,3001
,,1,53259950,68105186,21.3,1921
,,1,40974156,67937751,29.0,2783
,,1,40974156,60474983,19.4,3140
,,1,55261752,68105186,18.2,2829
,,1,52097580,68487020,22.6,946
,,1,41904847,62284504,20.9,2949
,,1,41032059,68105186,29.2,4892
,,22,44886297,49900158,18.9,1486
,,8,75939401,102627955,20.0,2966
,,14,76989856,90539350,15.9,2016
,,1,57400984,68105186,15.2,1939
,,1,57360450,68105186,15.3,1941
,,3,65289530,101911058,24.2,3743
,,6,8361391,17066353,16.6,1735
,,1,57211976,68105186,15.5,1994
,,16,79514155,85207028,18.6,2513
,,22,44886297,49915072,18.9,484
,,16,79130890,84069768,15.7,550
,,22,44886297,50079434,19.6,1796
,,1,48174867,62032669,15.8,2084
,,12,65827996,80556864,15.7,2291
,,16,79143983,84724890,19.0,1998
,,7,173599,8215475,13.9,1837
,,4,24728480,37524958,15.3,1881
,,16,78958477,84623076,19.9,2365
,,22,45498115,49900158,16.2,1210
,,14,58295247,76871801,17.6,2643
,,7,129738451,139360198,15.6,1008
,,19,50289859,54443866,17.2,1250
,,4,184517243,190872778,18.6,1419
,,9,128928087,139709976,28.2,2134
,,9,129777653,138913404,25.0,1891
,,9,134212428,139077343,16.8,1533
,,16,80419872,85296204,17.0,1820
,,3,176750426,190722423,24.7,2275
,,1,41255120,62109502,21.3,3613
,,16,79465800,85335951,19.2,675
,,1,53901837,64426469,16.2,637
,,6,3153383,11333684,19.1,1821
,,11,93637839,117960138,26.0,4196
,,22,44886297,49915072,18.9,484
,,16,79130890,84069768,15.7,550
,,1,171735198,195923038,18.6,901
,,12,54134291,79595885,24.7,1170
,,15,87531281,94522459,17.0,565
,,9,133981491,139077343,17.3,711
,,8,27878672,77270727,42.0,5389
,,11,45711030,78973716,21.2,3170
,,11,45949534,77178698,19.0,2594
,,15,59478485,70516482,16.0,1825
,,3,8316110,20996363,18.2,2792
,,6,25674509,42940673,16.7,2244
,,1,40974156,67937751,29.0,2783
,,16,76055486,85226863,28.1,3108
,,5,76868950,95508726,18.4,770
,,2,12581267,23095572,15.2,573
,,10,73729752,105246283,29.9,4396
,,6,147912444,159007004,17.6,2232
,,3,176691296,188689987,20.0,1838
,,11,100271469,122675454,26.1,1239
,,15,87531281,94522459,17.0,565
,,10,73828748,94881612,20.1,3704
,,20,49687290,57196464,18.6,2324
,,20,48591758,57957021,22.3,2830
,,20,51851473,57958335,16.6,1948
,,20,51527356,58023771,17.6,773
,,6,147912444,159007004,17.6,2232
,,5,159320525,178719364,38.0,3657
,,20,63244,6100088,19.7,1660
,,9,19397040,38661416,22.4,3141
,,16,5711291,13638938,21.4,2774
,,22,45161740,50079434,18.3,1787
,,18,5985892,13033053,23.7,1158
,,1,171735198,195923038,18.6,901
,,12,54134291,79595885,24.7,1170
,,16,101263,4942099,10.7,792
,,16,5685071,12640309,18.5,2041
,,17,13546,5616579,15.8,1314
,,20,49625623,57193906,18.8,2348
,,21,41259941,46670874,15.7,1449
,,3,62574188,82010368,24.2,2942
,,16,6756396,16975959,20.0,2351
,,18,6487465,12741370,21.4,1585
,,19,15012726,35219548,21.5,1788
,,6,88891040,106536253,16.4,2240
,,16,80641397,85296204,16.7,574
,,6,124178280,137372463,15.3,644
,,13,91974018,99024955,10.3,385
,,19,15093503,34429795,19.9,2432
,,6,88973751,106548730,16.3,789
,,22,44886297,49915072,18.9,484
,,19,15093503,34429795,19.9,2581
,,19,15008714,34429795,20.0,2601
,,21,41297992,46655385,15.5,725
,,1,171735198,195923038,18.6,901
,,12,54134291,79595885,24.7,1170
,,8,77118604,101472510,17.1,2734
,,8,77118604,101472510,17.1,2735
,,1,36887163,53259950,15.2,1959
,,6,143083063,158486110,20.4,2886
,,3,8316110,20996363,18.2,2792
,,17,207618,5636209,15.2,1382
,,7,116895588,138013414,20.4,2675
,,4,11328556,30645543,25.8,3357
,,22,45119659,49900158,17.7,1385
,,1,171608466,193921548,17.4,2668
,,18,6001128,12399481,22.9,1709
,,18,6487465,12741370,21.4,1585
,,18,6040528,9814778,15.4,976
,,18,6783759,10948635,16.3,1143
,,18,5181341,19558879,30.7,2729
,,18,6092335,12747012,22.8,574
,,18,6923291,12429202,18.8,1802
,,18,6133402,11649014,21.1,1854
,,18,5985892,13033053,23.7,1158
,,18,7054431,20796504,23.9,1951
,,18,7143714,13033053,18.4,1427
,,18,6107360,12415885,22.5,2049
,,18,6107360,11075734,19.6,1713
,,18,7132405,12834359,18.1,483
,,18,6107360,11649014,21.2,1870
,,18,13775272,59420763,45.1,1924
,,5,61749048,80399926,20.0,2728
,,5,94610224,115285650,16.5,2675
,,19,39528932,55728651,39.7,3046
,,9,115781111,129166088,17.3,2287
,,8,96232747,124865882,27.9,3900
,,18,7383326,12747012,16.6,1635
,,7,40760498,73814702,25.1,1376
,,18,7192874,20796504,23.1,1906
,,8,125951713,134932987,15.8,2286
,,8,16655774,25889446,16.4,2395
,,8,75659213,117630683,30.2,1535
,,12,15233495,26532629,16.2,2190
,,15,46821267,64236441,19.5,3540
,,19,50289859,54443866,17.2,1250
,,18,5195573,9783269,18.4,1504
,,18,24062211,44216758,17.0,3300
,,7,40809143,69238158,20.5,2876
,,8,51564759,62723254,12.4,1477
,,7,42131390,76751658,25.7,1189
,,19,6944843,15143453,16.4,1315
,,15,59478485,70516482,16.0,1825
,,5,6249440,16034232,17.8,758
,,2,26199220,40135076,15.9,2498
,,10,108216760,125192081,25.3,3720
,,14,58295247,78779686,20.4,3861
,,18,5195573,9783269,18.4,1504
,,18,24062211,44216758,17.0,3300
,,1,52097580,68487020,22.6,946
,,14,58295247,78539977,20.1,3764
,,13,22397453,27445339,12.6,451
,,5,168514867,178503640,24.7,2628
,,17,72166941,76804108,11.9,1278
,,6,38989385,47981686,15.7,2040
,,22,46360083,50315363,15.7,388
,,7,40760498,73814702,25.1,1376
,,7,40809143,69238158,20.5,2876
,,8,51564759,62723254,12.4,1477
,,7,40760498,73814702,25.1,1376
,,3,8327085,21083986,18.3,2239
,,10,125262764,132749766,20.7,1975
,,8,106319151,126830010,19.5,1032
,,12,15233495,26532629,16.2,2190
,,15,87531281,94522459,17.0,565
,,7,42131390,76751658,25.7,1189
,,8,77118604,101472510,17.1,2734
,,8,76215616,119856209,31.9,5175
,,8,77118604,107214049,24.3,3676
,,8,77118604,101472510,17.1,2735
,,8,103529405,126781758,21.4,2992
,,8,98987918,126843414,28.2,3635
,,8,76226176,105696848,23.6,3444
,,8,92295114,121603802,25.0,3578
,,8,76560454,126781758,43.2,6107
,,8,96232747,124865882,27.9,3900
,,8,80290562,105409476,22.1,1013
,,8,96204142,103591361,10.2,507
,,8,98364203,121830295,19.1,3027
,,8,106319151,126830010,19.5,1032
,,8,75659213,117630683,30.2,1535
,,8,94999197,120435705,22.0,3949
,,8,78510649,105381212,22.4,3999
,,8,89763735,120218092,25.0,4562
,,8,80663308,101524955,16.0,2895
,,6,88891040,106536253,16.4,2240
,,17,63531331,71848982,16.6,2018
,,12,15233495,26532629,16.2,2190
,,8,76226176,123574070,36.5,5933
,,13,60184047,99001223,36.6,6372
,,13,74860476,99025982,24.4,3397
,,5,159320525,178719364,38.0,3657
,,8,98987918,126843414,28.2,3635
,,12,118562757,128498837,17.7,1731
,,10,73729752,105246283,29.9,4396
,,6,124178280,137372463,15.3,644
,,13,91974018,99024955,10.3,385
,,10,108216760,125192081,25.3,3720
,,8,106319151,126830010,19.5,1032
,,8,16655774,25889446,16.4,2395
,,20,51527356,58023771,17.6,773
,,19,15008714,34429795,20.0,2601
,,13,60965482,92371090,26.2,1208
,,3,61495,5490708,16.6,1534
,,3,61495,5351214,16.2,1486
,,3,61495,5332265,16.1,1493
,,3,61495,5522945,16.7,1544
,,3,61495,5512860,16.6,1524
,,3,61495,5512860,16.6,1524
,,3,61495,5345166,16.2,1495
,,3,61495,5522945,16.7,1557
,,3,63411,5373391,16.3,1052
,,3,63411,5522945,16.7,1085
,,3,63411,5343801,16.2,938
,,3,61495,5277162,16.0,1753
,,3,61495,5492484,16.6,1554
,,3,471460,5332265,15.6,1402
,,3,61495,5332265,16.1,1517
,,3,61495,5277162,16.0,1836
,,5,61749048,80399926,20.0,2728
,,5,94610224,115285650,16.5,2675
,,19,39528932,55728651,39.7,3046
,,1,40974156,67352960,28.1,2719
,,3,176647385,187004183,15.4,575
,,3,61495,5337127,16.2,1673
,,6,88619412,107182045,17.9,2502
,,6,88891040,106536253,16.4,2240
,,6,76127504,101967710,17.9,3015
,,1,201067784,212457414,16.6,2152
,,3,182970805,192028670,21.2,1782
,,17,13546,5645968,15.8,1106
,,6,124178280,137372463,15.3,644
,,13,91974018,99024955,10.3,385
,,19,45202052,51954858,17.3,1652
,,17,13703203,32810443,21.7,722
,,8,80290562,105409476,22.1,1013
,,14,30043269,39319551,17.3,1071
,,8,102261691,125968156,22.7,1219
,,1,211774350,229003739,16.3,3018
,,21,41297992,46655385,15.5,725
,,17,63531331,71848982,16.6,2018
,,16,62571383,86114829,42.1,1632
,,12,191619,10858817,25.6,2874
,,8,102145463,125968156,23.0,3815
,,20,51527356,58023771,17.6,773
,,6,88973751,106548730,16.3,789
,,4,135474690,156584397,22.1,2563
,,4,135438724,156563407,22.1,792
,,4,135475307,156575786,22.0,1754
,,11,45711030,78973716,21.2,3170
,,9,129777653,138913404,25.0,1891
,,4,70513710,91748644,21.9,3200
,,18,44150558,57138957,15.5,2519
,,8,96204142,103591361,10.2,507
,,5,8115307,16128234,14.3,1692
,,22,44886297,49380656,16.1,1611
,,22,46360083,50315363,15.7,388
,,4,134784379,156555835,22.5,926
,,6,124178280,137372463,15.3,644
,,13,91974018,99024955,10.3,385
,,13,60965482,92371090,26.2,1208
,,13,74860476,99025982,24.4,3397
,,18,6001128,12399481,22.9,1709
,,9,128928087,139709976,28.2,2134
,,1,20158241,35093593,18.2,2175
,,3,176691296,188689987,20.0,1838
,,17,71703758,77430593,16.8,1585
,,3,70229761,102058887,18.5,1037
,,20,51527356,58023771,17.6,773
,,5,76868950,95508726,18.4,770
,,13,60184047,99001223,36.6,6372
,,3,179619860,189553287,19.1,1638
,,3,181954164,190722423,20.2,1694
,,3,176691296,190791994,24.9,2297
,,3,176750426,190722423,24.7,2275
,,3,176691296,188689987,20.0,1838
,,3,178105341,188397584,17.7,1590
,,3,176693589,189170348,21.1,2457
,,3,176691296,190593084,24.5,2152
,,3,178173268,188662678,18.2,1218
,,3,178173268,188662678,18.2,1215
,,3,177932934,188662678,18.5,1230
,,3,179460825,190865991,22.4,2463
,,3,176590693,190700956,24.9,886
,,16,79143983,85230723,21.3,2203
,,3,61495,5490708,16.6,1534
,,22,44886297,49900158,18.9,1424
,,11,45706453,93767360,32.1,4863
,,22,45126775,49900158,17.7,1410
,,1,53778904,68105186,20.7,2653
,,11,45239959,93787542,32.8,4973
,,3,61495,5522945,16.7,1544
,,16,80641397,85296204,16.7,574
,,22,45107125,49911222,17.8,1773
,,6,3302217,11516046,19.0,1819
,,3,61495,5337127,16.2,1673
,,17,63531331,71848982,16.6,2018
,,1,53259950,68105186,21.3,1921
,,22,44886297,49915072,18.9,484
,,16,76055486,85226863,28.1,3108
,,15,48070793,64168647,17.8,3314
,,3,176647385,187004183,15.4,575
LW,,11,45706453,93767360,32.1,4863
LW,,16,6756396,16975959,20.0,2351
LW,,5,4717060,16102201,22.7,2159
LW,,10,108216760,125192081,25.3,3720
LW,,5,6985430,16128234,16.4,1652
LW,,17,71458742,77379107,17.6,964
LW,,22,44886297,49915072,18.9,484
LW,,22,44778738,50079434,20.1,522
LW,,22,45161740,49745407,16.9,1303
,,8,77118604,101472510,17.1,2734
,,8,76215616,119856209,31.9,5175
,,8,77118604,107214049,24.3,3676
,,8,77118604,101472510,17.1,2735
,,8,76226176,105696848,23.6,3444
,,8,92295114,121603802,25.0,3578
,,8,76560454,126781758,43.2,6107
,,8,80290562,105409476,22.1,1013
,,8,76226176,123574070,36.5,5933
,,8,75659213,117630683,30.2,1535
,,8,94999197,120435705,22.0,3949
,,8,78510649,105381212,22.4,3999
,,8,89763735,120218092,25.0,4562
,,6,25842605,42471579,15.6,3219
,,8,103529405,126781758,21.4,2992
,,8,98987918,126843414,28.2,3635
,,12,118562757,128498837,17.7,1731
,,8,96232747,124865882,27.9,3900
,,2,25755848,39930277,16.1,2522
,,2,26199220,40135076,15.9,2498
,,17,207618,5636209,15.2,1382
,,4,134784379,156555835,22.5,926
,,8,98364203,121830295,19.1,3027
,,12,125198575,128546979,10.9,1078
,,18,13775272,59420763,45.1,1924
,,8,80663308,101524955,16.0,2895
,,8,96204142,103591361,10.2,507
,,16,79143983,85230723,21.3,2203
,,16,80945538,85230723,15.9,1722
,,16,81244502,85531362,15.5,1648
,,16,79738625,85296204,18.1,1989
,,16,80419872,85296204,17.0,1820
,,16,79143983,84724890,19.0,1998
,,16,80641397,85296204,16.7,574
,,16,79465800,85335951,19.2,675
,,16,79460198,85275835,19.0,671
,,16,77888266,83324765,17.7,614
,,16,79130890,84069768,15.7,550
,,16,78958477,84623076,19.9,2365
,,16,78635695,85230723,24.7,2463
,,16,78629320,84729712,22.5,2822
,,16,76055486,85226863,28.1,3108
,,2,39851566,62741416,21.2,3620
,,9,115781111,129166088,17.3,2287
,,7,40809143,69238158,20.5,2876
,,8,51564759,62723254,12.4,1477
,,16,77879657,82428543,15.4,1497
,,16,79305577,83040846,10.7,1167
,,11,19580233,30047512,15.3,1723
,,1,48174867,62032669,15.8,2084
,,22,45119659,49877875,17.6,924
,,16,79514155,85207028,18.6,2513
,,11,45711030,78973716,21.2,3170
,,9,128928087,139709976,28.2,2134
,,6,76127504,101967710,17.9,3015
,,2,25755848,39930277,16.1,2522
,,2,26199220,40135076,15.9,2498
,,19,15093503,34429795,19.9,2432
,,7,40760498,73814702,25.1,1376
,,17,63531331,71848982,16.6,2018
,,9,119990164,133888771,19.3,1523
,,18,7192874,20796504,23.1,1906
,,14,21528248,29651984,16.7,1809
,,16,65877585,82068897,24.2,3771
,,18,6001128,12399481,22.9,1709
,,18,6487465,12741370,21.4,1585
,,18,6040528,9814778,15.4,976
,,18,6783759,10948635,16.3,1143
,,18,5181341,19558879,30.7,2729
,,18,6092335,12747012,22.8,574
,,18,6923291,12429202,18.8,1802
,,18,7383326,12747012,16.6,1635
,,18,5195573,9783269,18.4,1504
,,18,24062211,44216758,17.0,3300
,,18,5985892,13033053,23.7,1158
,,18,7054431,20796504,23.9,1951
,,18,7192874,20796504,23.1,1906
,,18,7143714,13033053,18.4,1427
,,18,6107360,12415885,22.5,2049
,,18,6107360,11075734,19.6,1713
,,18,7132405,12834359,18.1,483
,,18,6107360,11649014,21.2,1870
,,3,8316110,20996215,18.2,2255
,,18,8446393,19654137,16.5,1408
,,1,20158241,35093593,18.2,2175
,,7,116895588,138013414,20.4,2675
,,16,105320,10706872,27.1,1687
,,7,9521934,20737300,16.4,2779
,,18,6133402,11649014,21.1,1854
,,1,40974156,64555255,25.1,3308
,,1,40974156,62284504,22.0,3126
,,1,48053426,66691885,21.7,2935
,,1,53778904,68105186,20.7,2653
,,1,41032059,62284504,21.9,3118
,,1,57400984,68105186,15.2,1939
,,1,57360450,68105186,15.3,1941
,,1,57211976,68105186,15.5,1994
,,1,53901837,68401005,20.9,877
,,1,41255120,62109502,21.3,3613
,,1,40974156,67352960,28.1,2719
,,1,53901837,64426469,16.2,637
,,1,43350603,66058513,24.5,4112
,,1,48174867,62032669,15.8,2084
,,1,53259950,68105186,21.3,1921
,,1,40974156,67937751,29.0,2783
,,1,55261752,68105186,18.2,2829
,,1,52097580,68487020,22.6,946
,,1,41904847,62284504,20.9,2949
,,1,41032059,68105186,29.2,4892
,,22,45446874,50345729,18.0,1226
,,1,43254108,60448209,17.2,2897
,,1,40974156,60474983,19.4,3301
,,1,40974156,60474983,19.4,3140
,,11,19569074,30047512,15.4,1927
,,16,78629320,84729712,22.5,2822
,,1,54354658,67937751,19.5,3001
,,22,44886297,49900158,18.9,1424
,,22,45498003,49900158,16.2,1167
,,22,45126775,49900158,17.7,1410
,,22,45446874,50345729,18.0,1226
,,22,46258912,50345729,15.9,1021
,,22,45048253,49911908,18.1,1383
,,22,44886297,49900158,18.9,1486
,,22,44881968,49592082,17.4,1306
,,22,44886297,49877875,18.8,1430
,,22,44842354,50582550,21.2,1427
,,22,44886297,49877875,18.8,1429
,,22,44886297,49900158,18.9,1488
,,22,44881968,49741960,18.2,1335
,,22,44886297,49408735,16.3,1254
,,22,45107125,49911222,17.8,1773
,,22,45437092,49900158,16.4,1632
,,22,45119659,49877875,17.6,924
,,22,46258912,50108991,15.2,709
,,22,45119659,49900158,17.7,1385
,,22,44886297,49915072,18.9,484
,,22,44778738,50079434,20.1,522
,,22,45057826,49911222,18.1,948
,,22,45161740,49745407,16.9,1303
,,22,44886297,49512164,16.9,1308
,,22,45498115,49900158,16.2,1210
,,22,44886297,50079434,19.6,1892
,,22,45161740,49900158,17.5,1746
,,22,44886297,49319259,15.7,1223
,,22,44886297,49380656,16.1,1611
,,22,44886297,50079434,19.6,1796
,,22,45157103,49900158,17.6,1483
,,18,6001128,12399481,22.9,1709
,,5,159320525,178719364,38.0,3657
,,5,8319421,16829132,15.2,484
,,20,49625623,57193906,18.8,2348
,,15,46821267,64236441,19.5,3540
,,18,6107360,11075734,19.6,1713
,,7,115671435,138538228,22.5,1115
,,22,45161740,50079434,18.3,1787
,,5,162736772,172038164,18.6,2281
,,11,45711030,78973716,21.2,3170
,,18,57634727,77997052,42.4,4898
,,10,108216760,125192081,25.3,3720
,,14,58295247,78779686,20.4,3861
,,19,41056792,48755267,11.0,735
,,12,121600529,129615327,19.7,2207
,,14,58295247,78539977,20.1,3764
,,9,76944989,93975471,27.3,1295
,,5,162677234,172038164,18.7,2290
,,6,55766417,90683587,18.1,3195
,,3,182970805,192028670,21.2,1782
,,11,19580233,30047512,15.3,1723
,,8,76226176,123574070,36.5,5933
,,6,88973751,106548730,16.3,789
,,3,176647385,187004183,15.4,575
,,3,176590693,190700956,24.9,886
,,18,6107360,11075734,19.6,1713
,,1,37242743,60460443,26.1,4048
,,17,63531331,71848982,16.6,2018
,,8,27878672,77270727,42.0,5389
,,7,7804403,20737300,21.0,2875
,,16,79465800,85335951,19.2,675
,,13,60184047,99001223,36.6,6372
,,17,71703758,77430593,16.8,1585
,,3,179619860,189553287,19.1,1638
,,3,181954164,190722423,20.2,1694
,,3,176691296,190791994,24.9,2297
,,3,176750426,190722423,24.7,2275
,,3,176691296,188689987,20.0,1838
,,3,178105341,188397584,17.7,1590
,,3,176693589,189170348,21.1,2457
,,3,176691296,190593084,24.5,2152
,,3,176647385,187004183,15.4,575
,,3,178173268,188662678,18.2,1215
,,3,177932934,188662678,18.5,1230
,,3,179460825,190865991,22.4,2463
,,3,176590693,190700956,24.9,886
,,22,44886297,49900158,18.9,1424
,,6,88619412,107182045,17.9,2502
,,1,40974156,62284504,22.0,3126
,,1,57211976,68105186,15.5,1994
,,11,93637839,117960138,26.0,4196
,,1,41904847,62284504,20.9,2949
,,3,178173268,188662678,18.2,1218
,,3,179619860,189553287,19.1,1638
,,3,181954164,190722423,20.2,1694
,,3,176691296,190791994,24.9,2297
,,3,176750426,190722423,24.7,2275
,,3,176691296,188689987,20.0,1838
,,3,178105341,188397584,17.7,1590
,,3,176693589,189170348,21.1,2457
,,3,176691296,190593084,24.5,2152
,,3,176647385,187004183,15.4,575
,,3,178173268,188662678,18.2,1218
,,3,177932934,188662678,18.5,1230
,,3,179460825,190865991,22.4,2463
,,3,176590693,190700956,24.9,886
,,22,44886297,49900158,18.9,1424
,,6,88619412,107182045,17.9,2502
,,1,40974156,62284504,22.0,3126
,,10,125262764,132749766,20.7,1975
,,22,44886297,49877875,18.8,1429
,,1,57211976,68105186,15.5,1994
,,1,41255120,62109502,21.3,3613
,,16,79460198,85275835,19.0,671
,,1,53259950,68105186,21.3,1921
,,11,93637839,117960138,26.0,4196
,,8,125951713,134932987,15.8,2286
,,3,61495,5277162,16.0,1753
,,1,41904847,62284504,20.9,2949
,,3,178173268,188662678,18.2,1215
H_,,3,179619860,189553287,19.1,1638
H_,,3,181954164,190722423,20.2,1694
H_,,3,176691296,190791994,24.9,2297
H_,,3,176750426,190722423,24.7,2275
H_,,3,176691296,188689987,20.0,1838
H_,,3,178105341,188397584,17.7,1590
H_,,3,176693589,189170348,21.1,2457
H_,,3,176691296,190593084,24.5,2152
H_,,3,176647385,187004183,15.4,575
H_,,3,178173268,188662678,18.2,1218
H_,,3,178173268,188662678,18.2,1215
H_,,3,179460825,190865991,22.4,2463
H_,,3,176590693,190700956,24.9,886
H_,,22,44886297,49900158,18.9,1424
H_,,10,125262764,132749766,20.7,1975
H_,,11,19580233,30047512,15.3,1723
H_,,22,44886297,49915072,18.9,484
H_,,8,102428258,126102820,22.6,3777
H_,,3,177932934,188662678,18.5,1230
,,15,42134301,60984270,17.6,2555
,,15,46651153,62460328,17.7,2521
,,15,46666881,61177888,15.5,2839
,,15,48070793,64168647,17.8,3314
,,15,46821267,64236441,19.5,3540
,,3,65289530,101911058,24.2,3743
,,19,45202052,51954858,17.3,1652
,,15,51979674,64168647,15.6,2731
,,8,78510649,105381212,22.4,3999
,,15,42085017,59770234,16.1,2601
,,9,115781111,129166088,17.3,2287
,,9,115938750,129059870,16.9,2689
,,9,128928087,139709976,28.2,2134
,,3,63788094,87276699,23.1,3010
,,9,115781111,127821778,16.2,2463
,,20,48591758,57957021,22.3,2830
,,10,108216760,125192081,25.3,3720
,,5,31469172,41301008,14.1,2042
,,6,99921822,117831565,15.6,2349
,,18,6107360,11075734,19.6,1713
,,1,18527213,37548473,24.8,1024
,,9,119990164,133888771,19.3,1523
,,18,6001128,12399481,22.9,1709
,,18,6487465,12741370,21.4,1585
,,18,6040528,9814778,15.4,976
,,18,8446393,19654137,16.5,1408
,,18,6783759,10948635,16.3,1143
,,18,5181341,19558879,30.7,2729
,,18,6092335,12747012,22.8,574
,,18,6923291,12429202,18.8,1802
,,18,7383326,12747012,16.6,1635
,,18,5195573,9783269,18.4,1504
,,18,24062211,44216758,17.0,3300
,,18,6133402,11649014,21.1,1854
,,18,7054431,20796504,23.9,1951
,,18,7192874,20796504,23.1,1906
,,18,7143714,13033053,18.4,1427
,,18,6107360,12415885,22.5,2049
,,18,6107360,11075734,19.6,1713
,,18,7132405,12834359,18.1,483
,,18,6107360,11649014,21.2,1870
,,7,80611355,95697118,13.3,1831
,,20,49625623,57193906,18.8,2348
,,13,22397453,27445339,12.6,451
,,3,70229761,102058887,18.5,1037
,,5,5769499,16081670,19.1,631
,,8,89763735,120218092,25.0,4562
,,18,5985892,13033053,23.7,1158
,,5,4725405,16408600,23.2,2194
,,5,8115307,16054101,14.1,1359
,,5,4717060,16102201,22.7,2159
,,5,4872310,16158739,22.3,2229
,,5,8115307,16034232,14.1,1354
,,5,6249440,16034232,17.8,758
,,5,8319421,16829132,15.2,484
,,5,6922386,16034232,16.4,1085
,,5,8115307,16128234,14.3,1692
,,5,4872310,16110431,22.2,2662
,,5,5769499,16081670,19.1,631
,,5,5790928,16408600,19.6,2390
,,3,8095826,20996215,18.8,2270
,,18,44065959,59020960,19.6,3055
,,15,61103590,71927201,16.5,1884
,,14,30985803,38991928,15.6,1495
,,7,9521934,20737300,16.4,2779
,,7,116839950,138013414,20.4,3146
,,5,6985430,16128234,16.4,1652
,,8,76215616,119856209,31.9,5175
,,8,103529405,126781758,21.4,2992
,,8,98987918,126843414,28.2,3635
,,8,92295114,121603802,25.0,3578
,,8,76560454,126781758,43.2,6107
,,8,96232747,124865882,27.9,3900
,,8,76226176,123574070,36.5,5933
,,8,75659213,117630683,30.2,1535
,,8,94999197,120435705,22.0,3949
,,8,89763735,120218092,25.0,4562
,,6,88619412,107182045,17.9,2502
,,11,45711030,78973716,21.2,3170
,,8,77118604,107214049,24.3,3676
,,8,76226176,105696848,23.6,3444
,,8,80290562,105409476,22.1,1013
,,8,96204142,103591361,10.2,507
,,17,71458742,77379107,17.6,964
,,8,106319151,126830010,19.5,1032
,,8,78510649,105381212,22.4,3999
,,8,98364203,121830295,19.1,3027
,,4,135474690,156584397,22.1,2563
,,4,134784379,156555835,22.5,926
,,4,135475307,156575786,22.0,1754
,,11,19580233,29884984,15.2,2087
,,12,191619,6196183,16.8,1840
,,4,135438724,156563407,22.1,792
,,5,168514867,178503640,24.7,2628
,,17,72166941,76804108,11.9,1278
,,17,131918,5616579,15.6,1097
,,8,92295114,121603802,25.0,3578
,,22,44842354,50582550,21.2,1427
,,3,65289530,101911058,24.2,3743
,,18,8440292,11675256,10.5,1134
,,8,98364203,121830295,19.1,3027
,,18,7132405,12834359,18.1,483
,,17,71458742,77379107,17.6,964
,,5,4725405,16408600,23.2,2194
,,5,8115307,16054101,14.1,1359
,,5,4717060,16102201,22.7,2159
,,5,4872310,16158739,22.3,2229
,,5,8115307,16034232,14.1,1354
,,5,6249440,16034232,17.8,758
,,5,8319421,16829132,15.2,484
,,5,6985430,16128234,16.4,1652
,,5,8115307,16128234,14.3,1692
,,5,4872310,16110431,22.2,2662
,,5,5769499,16081670,19.1,631
,,5,5790928,16408600,19.6,2390
,,3,8316110,20996215,18.2,2255
,,22,44886297,49900158,18.9,1488
,,11,19546520,29969227,15.4,1788
,,1,41255120,62109502,21.3,3613
,,16,79465800,85335951,19.2,675
,,16,77888266,83324765,17.7,614
,,22,44886297,49512164,16.9,1308
,,15,48070793,64168647,17.8,3314
,,3,61495,5277162,16.0,1836
,,13,74860476,99025982,24.4,3397
,,5,6922386,16034232,16.4,1085
,,18,6001128,12399481,22.9,1709
,,18,6487465,12741370,21.4,1585
,,18,6040528,9814778,15.4,976
,,18,8446393,19654137,16.5,1408
,,18,6783759,10948635,16.3,1143
,,18,5181341,19558879,30.7,2729
,,18,6092335,12747012,22.8,574
,,18,6923291,12429202,18.8,1802
,,18,7383326,12747012,16.6,1635
,,18,5195573,9783269,18.4,1504
,,18,24062211,44216758,17.0,3300
,,18,6133402,11649014,21.1,1854
,,18,5985892,13033053,23.7,1158
,,18,7192874,20796504,23.1,1906
,,18,7143714,13033053,18.4,1427
,,18,6107360,12415885,22.5,2049
,,18,6107360,11075734,19.6,1713
,,18,7132405,12834359,18.1,483
,,18,6107360,11649014,21.2,1870
,,5,8115307,16054101,14.1,1359
,,15,59478485,70516482,16.0,1825
,,1,53901837,64426469,16.2,637
,,5,94316007,115120408,16.5,1856
,,20,51851473,57958335,16.6,1948
,,18,7054431,20796504,23.9,1951
,,4,11414037,29060867,24.3,2823
,,15,57725259,80014686,29.4,3347
,,14,42446967,58308024,15.2,2176
,,18,67943953,75838302,21.1,1864
,,20,49687290,57196464,18.6,2324
,,18,6923291,12429202,18.8,1802
,,9,77406281,89199498,17.7,1278
,,20,49625623,57193906,18.8,2348
,,7,40760498,73814702,25.1,1376
,,17,71703758,77430593,16.8,1585
,,8,125951713,134932987,15.8,2286
,,8,75659213,117630683,30.2,1535
,,22,46360083,50315363,15.7,388
,,3,61495,5490708,16.6,1534
,,3,61495,5351214,16.2,1486
,,3,61495,5332265,16.1,1493
,,3,61495,5522945,16.7,1544
,,3,61495,5512860,16.6,1524
,,3,61495,5512860,16.6,1524
,,3,61495,5345166,16.2,1495
,,3,61495,5522945,16.7,1557
,,3,61495,5337127,16.2,1673
,,3,63411,5522945,16.7,1085
,,3,63411,5343801,16.2,938
,,3,61495,5277162,16.0,1753
,,3,61495,5492484,16.6,1554
,,3,471460,5332265,15.6,1402
,,3,61495,5332265,16.1,1517
,,3,61495,5277162,16.0,1836
,,1,40974156,64555255,25.1,3308
,,8,27878672,77270727,42.0,5389
,,1,40974156,60474983,19.4,3301
,,14,63526171,78568445,16.3,1624
,,11,95040906,121266057,29.2,5085
,,1,40974156,60474983,19.4,3140
,,11,19569074,30047512,15.4,1927
,,3,70229761,102058887,18.5,1037
,,3,63411,5373391,16.3,1052
,,4,135474690,156584397,22.1,2563
,,4,134784379,156555835,22.5,926
,,4,135438724,156563407,22.1,792
,,3,8327085,21083986,18.3,2239
,,3,8095826,20996215,18.8,2270
,,15,66358474,81133856,17.8,2059
,,18,6107360,11649014,21.2,1870
,,4,135475307,156575786,22.0,1754
HKG,,6,25842605,42471579,15.6,3219
HKG,,6,25976927,42462055,15.4,6971
HKG,,2,12581267,23095572,15.2,573
HKG,,16,62571383,86114829,42.1,1632
HKG,,3,70229761,102058887,18.5,1037
HKG,,19,15093503,34371198,19.8,2450
HKG,,7,115671435,138538228,22.5,1115
HKG,,6,25674509,42940673,16.7,2244
,,15,57725259,80014686,29.4,3347
,,15,66358474,81133856,17.8,2059
,,15,59478485,70516482,16.0,1825
,,15,65335863,80033885,17.9,1988
,,15,61103590,71927201,16.5,1884
,,15,54796677,81132202,32.6,4807
,,15,57750647,79999877,29.3,3819
,,18,69327605,75215111,17.7,1826
,,2,26199220,40135076,15.9,2498
,,17,13703203,32810443,21.7,722
,,5,127803816,157191954,28.4,5017
,,6,165632,5923152,16.8,1820
,,6,150727036,162646769,18.4,2975
,,7,32199098,41241212,10.5,1733
,,8,102516385,125968156,22.1,3719
,,10,126062763,130740976,12.4,1504
,,12,17564072,59286610,37.9,6878
,,15,71956136,89620670,18.0,3069
,,20,15631758,46268493,31.7,5379
,,9,76944989,93975471,27.3,1295
,,15,61314596,81161130,23.6,866
,,3,61495,5490708,16.6,1534
,,3,61495,5351214,16.2,1486
,,3,61495,5332265,16.1,1493
,,3,61495,5522945,16.7,1544
,,3,61495,5512860,16.6,1524
,,3,61495,5512860,16.6,1524
,,3,61495,5345166,16.2,1495
,,3,61495,5522945,16.7,1557
,,3,61495,5337127,16.2,1673
,,3,63411,5373391,16.3,1052
,,3,63411,5343801,16.2,938
,,3,61495,5277162,16.0,1753
,,3,61495,5492484,16.6,1554
,,3,471460,5332265,15.6,1402
,,3,61495,5332265,16.1,1517
,,3,61495,5277162,16.0,1836
,,16,79465800,85335951,19.2,675
,,1,53901837,64426469,16.2,637
,,3,176590693,190700956,24.9,886
,,22,46360083,50315363,15.7,388
,,3,63411,5522945,16.7,1085
,,15,57725259,80014686,29.4,3347
,,15,66358474,81133856,17.8,2059
,,15,59478485,70516482,16.0,1825
,,15,65335863,80033885,17.9,1988
,,15,61314596,81161130,23.6,866
,,15,54796677,81132202,32.6,4807
,,15,57750647,79999877,29.3,3819
,,8,75939401,102627955,20.0,2966
,,3,63788094,87276699,23.1,3010
,,18,8440292,11675256,10.5,1134
,,20,49687290,57196464,18.6,2324
,,5,6985430,16128234,16.4,1652
,,8,89763735,120218092,25.0,4562
,,15,61103590,71927201,16.5,1884
,,6,107154445,136224650,25.6,3764
,,6,123865515,137363835,15.8,1976
,,6,124178280,137372463,15.3,644
,,13,91974018,99024955,10.3,385
,,12,191619,6196183,16.8,1840
,,1,211774350,229003739,16.3,3018
,,15,57750647,79999877,29.3,3819
,,5,76868950,95508726,18.4,770
,,5,2689047,9978292,18.8,2230
,,6,123846449,137352519,15.8,576
,,1,40974156,64555255,25.1,3308
,,1,40974156,62284504,22.0,3126
,,1,48053426,66691885,21.7,2935
,,1,53778904,68105186,20.7,2653
,,1,41032059,62284504,21.9,3118
,,1,57400984,68105186,15.2,1939
,,1,57360450,68105186,15.3,1941
,,1,57211976,68105186,15.5,1994
,,1,53901837,68401005,20.9,877
,,1,41255120,62109502,21.3,3613
,,1,43254108,60448209,17.2,2897
,,1,40974156,67352960,28.1,2719
,,1,53901837,64426469,16.2,637
,,1,43350603,66058513,24.5,4112
,,1,40974156,60474983,19.4,3301
,,1,48174867,62032669,15.8,2084
,,1,54354658,67937751,19.5,3001
,,1,40974156,67937751,29.0,2783
,,1,40974156,60474983,19.4,3140
,,1,55261752,68105186,18.2,2829
,,1,52097580,68487020,22.6,946
,,1,41904847,62284504,20.9,2949
,,1,41032059,68105186,29.2,4892
,,11,19580233,29872433,15.2,1768
,,11,19546520,29969227,15.4,1788
,,3,176647385,187004183,15.4,575
,,3,178173268,188662678,18.2,1215
,,22,44778738,50079434,20.1,522
,,22,44886297,50079434,19.6,1796
,,1,53259950,68105186,21.3,1921
,,5,61749048,80399926,20.0,2728
,,5,94610224,115285650,16.5,2675
,,19,39528932,55728651,39.7,3046
,,21,41259941,46670874,15.7,1449
,,8,103529405,126781758,21.4,2992
,,11,100510448,122466121,25.2,3393
,,1,90125566,113284079,22.8,1043
,,18,69327605,75215111,17.7,1826
,,5,162677234,172038164,18.7,2290
,,11,93637839,117960138,26.0,4196
,,12,121600529,129615327,19.7,2207
,,5,162736772,172038164,18.6,2281
,,9,76944989,93975471,27.3,1295
,,19,41056792,48755267,11.0,735
,,5,61749048,80399926,20.0,2728
,,5,94610224,115285650,16.5,2675
,,19,39528932,55728651,39.7,3046
,,2,39851566,62741416,21.2,3620
,,18,4339053,8468304,17.3,1022
,,4,11414037,29060867,24.3,2823
,,6,88891040,106536253,16.4,2240
,,11,45949534,77178698,19.0,2594
,,16,80641397,85296204,16.7,574
,,18,69327605,75215111,17.7,1826
,,8,108039422,126102820,16.6,2513
,,18,7054431,20796504,23.9,1951
,,11,19569074,30047512,15.4,1927
,,7,173599,8215475,13.9,1837
,,16,79130890,84069768,15.7,550
,,1,52097580,68487020,22.6,946
,,16,57157206,74097266,15.5,2726
,,6,99921822,117831565,15.6,2349
,,5,5790928,16408600,19.6,2390
,,5,94316007,115120408,16.5,1856
,,18,6001128,12399481,22.9,1709
,,18,6487465,12741370,21.4,1585
,,18,6040528,9814778,15.4,976
,,18,6783759,10948635,16.3,1143
,,18,5181341,19558879,30.7,2729
,,18,6092335,12747012,22.8,574
,,18,6923291,12429202,18.8,1802
,,18,7383326,12747012,16.6,1635
,,18,6133402,11649014,21.1,1854
,,18,5985892,13033053,23.7,1158
,,18,7054431,20796504,23.9,1951
,,18,7143714,13033053,18.4,1427
,,18,6107360,12415885,22.5,2049
,,18,6107360,11075734,19.6,1713
,,18,7132405,12834359,18.1,483
,,18,6107360,11649014,21.2,1870
,,11,46231502,93767360,31.8,4836
,,5,8115307,16054101,14.1,1359
,,3,8327085,21083986,18.3,2239
,,3,8095826,20996215,18.8,2270
,,18,8446393,19654137,16.5,1408
,,1,20158241,35093593,18.2,2175
,,15,59478485,70516482,16.0,1825
,,15,65335863,80033885,17.9,1988
,,18,5195573,9783269,18.4,1504
,,18,24062211,44216758,17.0,3300
,,20,51851473,57958335,16.6,1948
,,16,65877585,82068897,24.2,3771
,,18,7192874,20796504,23.1,1906
,,7,106306401,130589791,18.2,2451
,,7,116839950,138013414,20.4,3146
,,7,129738451,139360198,15.6,1008
,,7,115671435,138538228,22.5,1115
,,11,107430300,122204383,20.2,2479
,,1,48053426,66691885,21.7,2935
,,11,100510448,122466121,25.2,3393
,,8,98987918,126843414,28.2,3635
,,11,45949534,77178698,19.0,2594
,,1,90125566,113284079,22.8,1043
,,12,1916770,8114429,17.5,1754
,,1,171608466,193921548,17.4,2668
,,18,6133402,11649014,21.1,1854
,,22,44886297,49915072,18.9,484
,,15,54796677,81132202,32.6,4807
,,7,116895588,138013414,20.4,2675
,,22,44886297,49900158,18.9,1424
,,22,45498003,49900158,16.2,1167
,,22,45126775,49900158,17.7,1410
,,22,45446874,50345729,18.0,1226
,,22,46258912,50345729,15.9,1021
,,22,45048253,49911908,18.1,1383
,,22,44886297,49900158,18.9,1486
,,22,44881968,49592082,17.4,1306
,,22,44886297,49877875,18.8,1430
,,22,44842354,50582550,21.2,1427
,,22,44886297,49877875,18.8,1429
,,22,44886297,49900158,18.9,1488
,,22,44881968,49741960,18.2,1335
,,22,44886297,49408735,16.3,1254
,,22,45107125,49911222,17.8,1773
,,22,45437092,49900158,16.4,1632
,,22,45161740,50079434,18.3,1787
,,22,46258912,50108991,15.2,709
,,22,45119659,49900158,17.7,1385
,,22,44886297,49915072,18.9,484
,,22,44778738,50079434,20.1,522
,,22,45057826,49911222,18.1,948
,,22,45161740,49745407,16.9,1303
,,22,44886297,49512164,16.9,1308
,,22,45498115,49900158,16.2,1210
,,22,44886297,50079434,19.6,1892
,,22,45161740,49900158,17.5,1746
,,22,44886297,49319259,15.7,1223
,,22,44886297,49380656,16.1,1611
,,22,44886297,50079434,19.6,1796
,,22,45157103,49900158,17.6,1483
,,15,42134301,60984270,17.6,2555
,,1,53778904,68105186,20.7,2653
,,16,79465800,85335951,19.2,675
,,16,79514155,85207028,18.6,2513
,,8,16655774,25889446,16.4,2395
,,3,176590693,190700956,24.9,886
,,22,45119659,49877875,17.6,924
,,15,94193200,102224341,25.7,1854
,,15,94187859,102385044,26.3,1880
,,15,94328994,99290406,16.9,1268
,,15,94193200,98674403,15.6,1322
,,15,94187859,100828865,20.4,556
,,16,57157206,74097266,15.5,2726
,,17,13546,5616579,15.8,1314
,,15,94179432,102274497,26.1,549
,,11,45706453,93767360,32.1,4863
,,15,42134301,60984270,17.6,2555
,,8,16870536,27479227,18.4,2571
,,3,63788094,87276699,23.1,3010
,,8,16690648,27458294,18.7,2622
,,22,45119659,49900158,17.7,1385
,,19,45147719,55195013,30.8,2793
,,5,79745469,97703974,16.3,1379
,,14,58295247,78779686,20.4,3861
,,14,58295247,78539977,20.1,3764
,,14,58295247,76871801,17.6,2643
,,5,4725405,16408600,23.2,2194
,,14,76989856,90539350,15.9,2016
,,7,7804403,20737300,21.0,2875
,,18,44065959,59020960,19.6,3055
,,3,63411,5373391,16.3,1052
,,19,15093503,34371198,19.8,2450
,,5,5790928,16408600,19.6,2390
,,7,115671435,138538228,22.5,1115
,,14,63526171,78568445,16.3,1624
,,1,40974156,64555255,25.1,3308
,,1,40974156,62284504,22.0,3126
,,1,48053426,66691885,21.7,2935
,,1,53778904,68105186,20.7,2653
,,1,41032059,62284504,21.9,3118
,,1,57400984,68105186,15.2,1939
,,1,57360450,68105186,15.3,1941
,,1,57211976,68105186,15.5,1994
,,1,53901837,68401005,20.9,877
,,1,41255120,62109502,21.3,3613
,,1,43254108,60448209,17.2,2897
,,1,40974156,67352960,28.1,2719
,,1,53901837,64426469,16.2,637
,,1,43350603,66058513,24.5,4112
,,1,40974156,60474983,19.4,3301
,,1,48174867,62032669,15.8,2084
,,1,54354658,67937751,19.5,3001
,,1,53259950,68105186,21.3,1921
,,1,40974156,60474983,19.4,3140
,,1,55261752,68105186,18.2,2829
,,1,52097580,68487020,22.6,946
,,1,41904847,62284504,20.9,2949
,,1,41032059,68105186,29.2,4892
,,3,61495,5512860,16.6,1524
,,8,19039642,29394781,17.9,2188
,,22,44881968,49741960,18.2,1335
,,20,2656328,9171861,17.8,1942
,,2,12581267,23095572,15.2,573
,,22,45161740,49745407,16.9,1303
,,18,13775272,59420763,45.1,1924
,,1,40974156,67937751,29.0,2783
,,16,101263,5023521,10.8,797
,,16,5631166,12652425,18.7,2065
,,16,5711291,13638938,21.4,2774
,,16,101263,4942099,10.7,792
,,16,5685071,12640309,18.5,2041
,,19,7635856,15141624,14.3,1155
,,16,6756396,16975959,20.0,2351
,,5,159320525,178719364,38.0,3657
,,18,4339053,8468304,17.3,1022
,,2,26199220,40135076,15.9,2498
,,8,102261691,125968156,22.7,1219
,,20,8186186,18073844,19.6,2742
,,18,6133402,11649014,21.1,1854
,,5,31469172,41301008,14.1,2042
,,3,63411,5343801,16.2,938
,,8,16655774,25889446,16.4,2395
,,3,61495,5277162,16.0,1753
,,3,61495,5332265,16.1,1517
,,13,23396326,30047005,15.7,547
,,5,2689047,9978292,18.8,2230
,,16,105320,10706872,27.1,1687
,,22,44886297,49900158,18.9,1424
,,22,45498003,49900158,16.2,1167
,,22,45126775,49900158,17.7,1410
,,22,45446874,50345729,18.0,1226
,,22,46258912,50345729,15.9,1021
,,22,45048253,49911908,18.1,1383
,,22,44881968,49592082,17.4,1306
,,22,44886297,49877875,18.8,1430
,,22,44842354,50582550,21.2,1427
,,22,44886297,49877875,18.8,1429
,,22,44881968,49741960,18.2,1335
,,22,44886297,49408735,16.3,1254
,,22,45107125,49911222,17.8,1773
,,22,45437092,49900158,16.4,1632
,,22,45161740,50079434,18.3,1787
,,22,45119659,49877875,17.6,924
,,22,45119659,49900158,17.7,1385
,,22,44886297,49915072,18.9,484
,,22,44778738,50079434,20.1,522
,,22,45057826,49911222,18.1,948
,,22,45161740,49745407,16.9,1303
,,22,44886297,49512164,16.9,1308
,,22,45498115,49900158,16.2,1210
,,22,45161740,49900158,17.5,1746
,,22,44886297,49319259,15.7,1223
,,22,44886297,49380656,16.1,1611
,,22,44886297,50079434,19.6,1796
,,22,45157103,49900158,17.6,1483
,,1,53901837,68401005,20.9,877
,,18,6092335,12747012,22.8,574
,,16,80641397,85296204,16.7,574
,,16,79460198,85275835,19.0,671
,,8,106319151,126830010,19.5,1032
,,22,44886297,50079434,19.6,1892
,,3,61495,5277162,16.0,1836
,,19,15012726,34069166,19.1,2479
,,22,46258912,50108991,15.2,709
,,1,20158241,35093593,18.2,2175
,,1,18527213,37548473,24.8,1024
,,17,131918,5616579,15.6,1097
,,14,76989856,90539350,15.9,2016
,,22,44881968,49741960,18.2,1335
,,5,8319421,16829132,15.2,484
,,9,77404435,89336987,18.0,720
,,1,20793015,37534255,20.0,1583
,,12,65827996,80556864,15.7,2291
,,1,171735198,195923038,18.6,901
,,12,54134291,79595885,24.7,1170
,,5,33375972,62369102,20.6,3113
,,18,6487465,12741370,21.4,1585
,,9,129777653,138913404,25.0,1891
,,9,3106474,9918976,15.9,2211
,,1,53901837,64426469,16.2,637
,,3,8316110,20996363,18.2,2792
,,16,79130890,84069768,15.7,550
,,5,127803816,157191954,28.4,5017
,,6,165632,5923152,16.8,1820
,,6,150727036,162646769,18.4,2975
,,7,32199098,41241212,10.5,1733
,,8,102516385,125968156,22.1,3719
,,10,126062763,130740976,12.4,1504
,,12,17564072,59286610,37.9,6878
,,15,71956136,89620670,18.0,3069
,,20,15631758,46268493,31.7,5379
,,3,61495,5492484,16.6,1554
,,12,53323694,79506862,25.5,2515
,,5,30937514,54455439,20.1,2581
,,5,2908851,9997370,18.3,1738
,,12,1916770,8114429,17.5,1754
,,20,48591758,57957021,22.3,2830
,,9,119990164,133888771,19.3,1523
,,16,105320,10706872,27.1,1687
,,12,121600529,129615327,19.7,2207
,,9,134212428,139077343,16.8,1533
,,20,51527356,58023771,17.6,773
,,5,31469172,41301008,14.1,2042
,,11,93637839,117960138,26.0,4196
,,22,46258912,50345729,15.9,1021
,,3,181954164,190722423,20.2,1694
,,3,63411,5373391,16.3,1052
,,11,95040906,121266057,29.2,5085
,,4,11414037,29060867,24.3,2823
,,17,207618,5636209,15.2,1382
,,1,171608466,193921548,17.4,2668
,,4,24728480,37524958,15.3,1881
,,8,89763735,120218092,25.0,4562
,,4,11328556,30645543,25.8,3357
,,1,40974156,64555255,25.1,3308
,,1,40974156,62284504,22.0,3126
,,1,48053426,66691885,21.7,2935
,,1,53778904,68105186,20.7,2653
,,1,41032059,62284504,21.9,3118
,,1,53901837,68401005,20.9,877
,,1,41255120,62109502,21.3,3613
,,1,43254108,60448209,17.2,2897
,,1,40974156,67352960,28.1,2719
,,1,53901837,64426469,16.2,637
,,1,43350603,66058513,24.5,4112
,,1,40974156,60474983,19.4,3301
,,1,48174867,62032669,15.8,2084
,,1,53259950,68105186,21.3,1921
,,1,40974156,67937751,29.0,2783
,,1,52097580,68487020,22.6,946
,,1,41904847,62284504,20.9,2949
,,1,41032059,68105186,29.2,4892
,,5,4717060,16102201,22.7,2159
,,14,76989856,90539350,15.9,2016
,,19,45202052,51954858,17.3,1652
,,1,54354658,67937751,19.5,3001
,,3,63411,5373391,16.3,1052
,,8,106319151,126830010,19.5,1032
,,1,40974156,60474983,19.4,3140
,,11,19580233,29872433,15.2,1768
,,11,19427092,30047512,15.9,1728
,,11,19546520,29969227,15.4,1788
,,11,19580233,30378559,15.5,1740
,,11,19538163,30047512,15.5,1740
,,11,19580233,30047512,15.3,1723
,,11,19580233,29884984,15.2,2087
,,11,19569074,29884984,15.3,2110
,,1,48053426,66691885,21.7,2935
,,18,6487465,12741370,21.4,1585
,,3,176750426,190722423,24.7,2275
,,1,90125566,113284079,22.8,1043
,,22,45107125,49911222,17.8,1773
,,16,79465800,85335951,19.2,675
,,1,54354658,67937751,19.5,3001
,,3,63411,5373391,16.3,1052
,,5,94316007,115120408,16.5,1856
,,3,63411,5343801,16.2,938
,,14,30985803,38991928,15.6,1495
,,22,44886297,49380656,16.1,1611
,,11,19569074,30047512,15.4,1927
,,11,95040906,121266057,29.2,5085
,,3,8327085,21083986,18.3,2239
,,1,20158241,35093593,18.2,2175
,,5,8319421,16829132,15.2,484
,,9,133981491,139077343,17.3,711
,,3,178173268,188662678,18.2,1218
,,3,178173268,188662678,18.2,1215
,,19,41056792,48755267,11.0,735
,,11,93637839,117960138,26.0,4196
,,5,4725405,16408600,23.2,2194
,,5,8115307,16054101,14.1,1359
,,5,4717060,16102201,22.7,2159
,,5,4872310,16158739,22.3,2229
,,5,8115307,16034232,14.1,1354
,,5,6249440,16034232,17.8,758
,,5,8319421,16829132,15.2,484
,,5,6985430,16128234,16.4,1652
,,5,6922386,16034232,16.4,1085
,,5,4872310,16110431,22.2,2662
,,5,5769499,16081670,19.1,631
,,5,5790928,16408600,19.6,2390
,,22,45446874,50345729,18.0,1226
,,14,42446967,58308024,15.2,2176
,,4,81209842,100045574,17.0,2180
,,3,176691296,188689987,20.0,1838
,,16,77888266,83324765,17.7,614
,,4,134784379,156555835,22.5,926
,,3,176590693,190700956,24.9,886
,,5,8115307,16128234,14.3,1692
,,8,103529405,126781758,21.4,2992
,,8,98987918,126843414,28.2,3635
,,8,92295114,121603802,25.0,3578
,,8,76560454,126781758,43.2,6107
,,8,96232747,124865882,27.9,3900
,,8,76226176,123574070,36.5,5933
,,22,46258912,50345729,15.9,1021
,,7,106306401,130589791,18.2,2451
,,8,76215616,119856209,31.9,5175
,,3,8327085,21083986,18.3,2239
,,2,25755848,39930277,16.1,2522
,,2,26199220,40135076,15.9,2498
,,19,15093503,34429795,19.9,2432
,,16,79465800,85335951,19.2,675
,,17,13703203,32810443,21.7,722
,,15,46666881,61177888,15.5,2839
,,8,108039422,126102820,16.6,2513
,,8,80290562,105409476,22.1,1013
,,7,42131390,76751658,25.7,1189
,,13,60965482,92371090,26.2,1208
,,8,98364203,121830295,19.1,3027
,,22,46258912,50108991,15.2,709
,,1,40974156,60474983,19.4,3140
,,19,15093503,34429795,19.9,2581
,,8,94999197,120435705,22.0,3949
,,3,61495,5277162,16.0,1836
,,15,46821267,64236441,19.5,3540
,,3,176590693,190700956,24.9,886
,,22,46360083,50315363,15.7,388
,,8,89763735,120218092,25.0,4562
,,8,106319151,126830010,19.5,1032
,,15,42134301,60984270,17.6,2555
,,22,45048253,49911908,18.1,1383
,,16,79738625,85296204,18.1,1989
,,18,67943953,75838302,21.1,1864
,,1,55261752,68105186,18.2,2829
,,19,45147719,55195013,30.8,2793
,,14,21528248,29651984,16.7,1809
,,3,61495,5490708,16.6,1534
,,3,61495,5351214,16.2,1486
,,3,61495,5332265,16.1,1493
,,3,61495,5522945,16.7,1544
,,3,61495,5512860,16.6,1524
,,3,61495,5512860,16.6,1524
,,3,61495,5345166,16.2,1495
,,3,61495,5522945,16.7,1557
,,3,61495,5337127,16.2,1673
,,3,63411,5373391,16.3,1052
,,3,63411,5522945,16.7,1085
,,3,61495,5492484,16.6,1554
,,3,471460,5332265,15.6,1402
,,3,61495,5332265,16.1,1517
,,3,61495,5277162,16.0,1836
,,3,179619860,189553287,19.1,1638
,,22,46258912,50345729,15.9,1021
,,11,46231502,93767360,31.8,4836
,,22,45048253,49911908,18.1,1383
,,5,61749048,80399926,20.0,2728
,,5,94610224,115285650,16.5,2675
,,19,39528932,55728651,39.7,3046
,,1,53778904,68105186,20.7,2653
,,11,124453666,134926754,23.1,2437
,,11,45239959,93787542,32.8,4973
,,8,19039642,29394781,17.9,2188
,,3,178105341,188397584,17.7,1590
,,18,6092335,12747012,22.8,574
,,16,80641397,85296204,16.7,574
,,16,79465800,85335951,19.2,675
,,16,105320,10706872,27.1,1687
,,11,19569074,30047512,15.4,1927
,,11,100271469,122675454,26.1,1239
,,22,44778738,50079434,20.1,522
,,3,61495,5277162,16.0,1753
,,3,179460825,190865991,22.4,2463
,,13,22397453,27445339,12.6,451
,,22,44886297,49512164,16.9,1308
,,13,23396326,30047005,15.7,547
,,3,63411,5343801,16.2,938
,,22,44886297,49900158,18.9,1424
,,22,45498003,49900158,16.2,1167
,,22,45126775,49900158,17.7,1410
,,22,45446874,50345729,18.0,1226
,,22,46258912,50345729,15.9,1021
,,22,45048253,49911908,18.1,1383
,,22,44886297,49900158,18.9,1486
,,22,44881968,49592082,17.4,1306
,,22,44886297,49877875,18.8,1430
,,22,44842354,50582550,21.2,1427
,,22,44886297,49877875,18.8,1429
,,22,44886297,49900158,18.9,1488
,,22,44881968,49741960,18.2,1335
,,22,44886297,49408735,16.3,1254
,,22,45107125,49911222,17.8,1773
,,22,45437092,49900158,16.4,1632
,,22,45161740,50079434,18.3,1787
,,22,45119659,49877875,17.6,924
,,22,46258912,50108991,15.2,709
,,22,44886297,49915072,18.9,484
,,22,44778738,50079434,20.1,522
,,22,45057826,49911222,18.1,948
,,22,45161740,49745407,16.9,1303
,,22,44886297,49512164,16.9,1308
,,22,45498115,49900158,16.2,1210
,,22,44886297,50079434,19.6,1892
,,22,45161740,49900158,17.5,1746
,,22,44886297,49319259,15.7,1223
,,22,44886297,49380656,16.1,1611
,,22,44886297,50079434,19.6,1796
,,22,45157103,49900158,17.6,1483
,,16,81244502,85531362,15.5,1648
,,5,159320525,178719364,38.0,3657
,,16,77879657,82428543,15.4,1497
,,1,171608466,193921548,17.4,2668
,,5,79745469,97703974,16.3,1379
,,16,78635695,85230723,24.7,2463
,,3,471460,5332265,15.6,1402
,,22,45119659,49900158,17.7,1385
,,16,55736527,82068897,36.4,4335
,,16,72931085,81762739,19.4,2188
,,16,65877585,82068897,24.2,3771
,,3,182970805,192028670,21.2,1782
,,15,94328994,99290406,16.9,1268
,,8,76560454,126781758,43.2,6107
,,5,8319421,16829132,15.2,484
,,14,30043269,39319551,17.3,1071
,,6,88973751,106548730,16.3,789
,,6,25674509,42940673,16.7,2244
,,7,173599,8215475,13.9,1837
,,16,57157206,74097266,15.5,2726
,,12,15233495,26532629,16.2,2190
,,16,62571383,86114829,42.1,1632
,,22,44886297,49900158,18.9,1424
,,22,45498003,49900158,16.2,1167
,,22,45126775,49900158,17.7,1410
,,22,45446874,50345729,18.0,1226
,,22,46258912,50345729,15.9,1021
,,22,45048253,49911908,18.1,1383
,,22,44886297,49900158,18.9,1486
,,22,44881968,49592082,17.4,1306
,,22,44886297,49877875,18.8,1430
,,22,44842354,50582550,21.2,1427
,,22,44886297,49877875,18.8,1429
,,22,44886297,49900158,18.9,1488
,,22,44881968,49741960,18.2,1335
,,22,44886297,49408735,16.3,1254
,,22,45107125,49911222,17.8,1773
,,22,45437092,49900158,16.4,1632
,,22,45161740,50079434,18.3,1787
,,22,45119659,49877875,17.6,924
,,22,46258912,50108991,15.2,709
,,22,45119659,49900158,17.7,1385
,,22,44778738,50079434,20.1,522
,,22,45057826,49911222,18.1,948
,,22,45161740,49745407,16.9,1303
,,22,44886297,49512164,16.9,1308
,,22,45498115,49900158,16.2,1210
,,22,44886297,50079434,19.6,1892
,,22,45161740,49900158,17.5,1746
,,22,44886297,49319259,15.7,1223
,,22,44886297,49380656,16.1,1611
,,22,44886297,50079434,19.6,1796
,,22,45157103,49900158,17.6,1483
,,3,61495,5490708,16.6,1534
,,16,81244502,85531362,15.5,1648
,,3,176691296,190791994,24.9,2297
,,21,28196045,43102097,30.1,2897
,,3,65289530,101911058,24.2,3743
,,16,79305577,83040846,10.7,1167
,,1,53901837,68401005,20.9,877
,,5,6249440,16034232,17.8,758
,,1,41255120,62109502,21.3,3613
,,16,80641397,85296204,16.7,574
,,1,40974156,67352960,28.1,2719
,,16,79460198,85275835,19.0,671
,,16,77888266,83324765,17.7,614
,,1,48174867,62032669,15.8,2084
,,9,133981491,139077343,17.3,711
,,21,41297992,46655385,15.5,725
,,3,176647385,187004183,15.4,575
,,3,177932934,188662678,18.5,1230
,,7,116895588,138013414,20.4,2675
,,16,78635695,85230723,24.7,2463
,,16,78629320,84729712,22.5,2822
,,3,61495,5492484,16.6,1554
,,1,41032059,68105186,29.2,4892
,,3,176590693,190700956,24.9,886
,,9,76944989,93975471,27.3,1295
,,22,44886297,49915072,18.9,484
,,8,75939401,102627955,20.0,2966
,,3,63788094,87276699,23.1,3010
,,22,44842354,50582550,21.2,1427
,,9,129777653,138913404,25.0,1891
,,11,19580233,29884984,15.2,2087
,,5,168391942,178719364,25.3,2781
,,4,70513710,91748644,21.9,3200
,,4,184517243,190872778,18.6,1419
,,5,94316007,115120408,16.5,1856
,,16,62571383,86114829,42.1,1632
,,7,173599,8215475,13.9,1837
,,11,107430300,122204383,20.2,2479
,,11,100510448,122466121,25.2,3393
,,12,65827996,80556864,15.7,2291
,,4,11414037,29060867,24.3,2823
,,4,175273562,182813298,12.8,1387
,,12,118562757,128498837,17.7,1731
,,11,19580233,30378559,15.5,1740
,,12,125269323,128642674,11.2,859
,,3,133701960,147794002,14.2,1858
,,10,73828748,94881612,20.1,3704
,,3,63411,5343801,16.2,938
,,5,127803816,157191954,28.4,5017
,,6,165632,5923152,16.8,1820
,,6,150727036,162646769,18.4,2975
,,7,32199098,41241212,10.5,1733
,,8,102516385,125968156,22.1,3719
,,10,126062763,130740976,12.4,1504
,,12,17564072,59286610,37.9,6878
,,15,71956136,89620670,18.0,3069
,,20,15631758,46268493,31.7,5379
,,15,57750647,79999877,29.3,3819
,,20,51527356,58023771,17.6,773
,,22,44886297,50079434,19.6,1796
,,12,125198575,128546979,10.9,1078
,,8,89763735,120218092,25.0,4562
,,11,100271469,122675454,26.1,1239
,,22,44886297,49900158,18.9,1424
,,22,45498003,49900158,16.2,1167
,,22,45126775,49900158,17.7,1410
,,22,45446874,50345729,18.0,1226
,,22,46258912,50345729,15.9,1021
,,22,45048253,49911908,18.1,1383
,,22,44886297,49900158,18.9,1486
,,22,44881968,49592082,17.4,1306
,,22,44886297,49877875,18.8,1430
,,22,44842354,50582550,21.2,1427
,,22,44886297,49877875,18.8,1429
,,22,44886297,49900158,18.9,1488
,,22,44881968,49741960,18.2,1335
,,22,44886297,49408735,16.3,1254
,,22,45107125,49911222,17.8,1773
,,22,45437092,49900158,16.4,1632
,,22,45161740,50079434,18.3,1787
,,22,45119659,49877875,17.6,924
,,22,46258912,50108991,15.2,709
,,22,45119659,49900158,17.7,1385
,,22,44886297,49915072,18.9,484
,,22,45057826,49911222,18.1,948
,,22,45161740,49745407,16.9,1303
,,22,44886297,49512164,16.9,1308
,,22,45498115,49900158,16.2,1210
,,22,44886297,50079434,19.6,1892
,,22,45161740,49900158,17.5,1746
,,22,44886297,49319259,15.7,1223
,,22,44886297,49380656,16.1,1611
,,22,44886297,50079434,19.6,1796
,,22,45157103,49900158,17.6,1483
,,8,75939401,102627955,20.0,2966
,,3,181954164,190722423,20.2,1694
,,1,57400984,68105186,15.2,1939
,,3,176750426,190722423,24.7,2275
,,3,61495,5512860,16.6,1524
,,3,178105341,188397584,17.7,1590
,,3,61495,5522945,16.7,1557
,,5,6249440,16034232,17.8,758
,,1,53901837,64426469,16.2,637
,,1,53259950,68105186,21.3,1921
,,3,63411,5343801,16.2,938
,,9,76246845,89142905,18.7,2337
,,3,61495,5277162,16.0,1836
,,9,77404435,89336987,18.0,720
,,22,44778738,50079434,20.1,522
,,18,5195573,9783269,18.4,1504
,,18,24062211,44216758,17.0,3300
,,3,178173268,188662678,18.2,1215
,,8,125951713,134932987,15.8,2286
,,16,79143983,85230723,21.3,2203
,,16,80945538,85230723,15.9,1722
,,16,79738625,85296204,18.1,1989
,,16,80419872,85296204,17.0,1820
,,16,79143983,84724890,19.0,1998
,,16,77879657,82428543,15.4,1497
,,16,79305577,83040846,10.7,1167
,,16,80641397,85296204,16.7,574
,,16,79465800,85335951,19.2,675
,,16,79460198,85275835,19.0,671
,,16,77888266,83324765,17.7,614
,,16,79514155,85207028,18.6,2513
,,16,78958477,84623076,19.9,2365
,,16,78635695,85230723,24.7,2463
,,16,78629320,84729712,22.5,2822
,,16,76055486,85226863,28.1,3108
,,16,81244502,85531362,15.5,1648
,,15,94187859,102385044,26.3,1880
,,3,176691296,190791994,24.9,2297
,,22,44886297,49877875,18.8,1430
,,14,76989856,90539350,15.9,2016
,,3,61495,5351214,16.2,1486
,,6,8361391,17066353,16.6,1735
,,5,6249440,16034232,17.8,758
,,20,2656328,9171861,17.8,1942
,,3,133701960,147794002,14.2,1858
,,1,48174867,62032669,15.8,2084
,,9,133981491,139077343,17.3,711
,,5,94316007,115120408,16.5,1856
,,12,53323694,79506862,25.5,2515
,,22,45161740,49745407,16.9,1303
,,8,102428258,126102820,22.6,3777
,,19,15093503,34371198,19.8,2450
,,16,79130890,84069768,15.7,550
,,12,65827996,80556864,15.7,2291
,,1,171608466,193921548,17.4,2668
,,12,53323694,79506862,25.5,2515
,,6,8361391,17066353,16.6,1735
,,20,49687290,57196464,18.6,2324
,,14,30043269,39319551,17.3,1071
,,6,3302217,11516046,19.0,1819
,,9,133981491,139077343,17.3,711
,,20,49625623,57193906,18.8,2348
,,10,95064137,117854042,22.8,3496
,,14,48994889,58295247,11.7,1711
,,6,99921822,117831565,15.6,2349
,,7,129738451,139360198,15.6,1008
,,15,54796677,81132202,32.6,4807
,,6,25976927,42462055,15.4,6971
,,1,171735198,195923038,18.6,901
,,12,54134291,79595885,24.7,1170
,,1,40974156,64555255,25.1,3308
,,1,40974156,62284504,22.0,3126
,,1,48053426,66691885,21.7,2935
,,1,53778904,68105186,20.7,2653
,,1,41032059,62284504,21.9,3118
,,1,57400984,68105186,15.2,1939
,,1,57360450,68105186,15.3,1941
,,1,57211976,68105186,15.5,1994
,,1,53901837,68401005,20.9,877
,,1,41255120,62109502,21.3,3613
,,1,40974156,67352960,28.1,2719
,,1,53901837,64426469,16.2,637
,,1,43350603,66058513,24.5,4112
,,1,48174867,62032669,15.8,2084
,,1,54354658,67937751,19.5,3001
,,1,53259950,68105186,21.3,1921
,,1,40974156,67937751,29.0,2783
,,1,52097580,68487020,22.6,946
,,1,41904847,62284504,20.9,2949
,,1,41032059,68105186,29.2,4892
,,5,4717060,16102201,22.7,2159
,,22,44881968,49592082,17.4,1306
,,22,44881968,49741960,18.2,1335
,,5,8115307,16034232,14.1,1354
,,1,43254108,60448209,17.2,2897
,,2,25755848,39930277,16.1,2522
,,2,26199220,40135076,15.9,2498
,,1,40974156,60474983,19.4,3301
,,3,133701960,147794002,14.2,1858
,,14,21528248,29651984,16.7,1809
,,3,61495,5277162,16.0,1836
,,9,77442616,89440597,18.2,722
,,1,55261752,68105186,18.2,2829
,,19,15012726,35219548,21.5,1788
,,19,15093503,34429795,19.9,2432
,,19,15012726,34069166,19.1,2479
,,19,15093503,34371198,19.8,2450
,,19,15089173,34735393,20.6,2637
,,19,15008714,34429795,20.0,2601
,,14,29230860,40342577,18.5,1712
,,5,168391942,178719364,25.3,2781
,,21,41297992,46655385,15.5,725
,,8,106319151,126830010,19.5,1032
,,16,57157206,74097266,15.5,2726
,,19,15093503,34429795,19.9,2581
,,6,107154445,136224650,25.6,3764
,,19,6944843,15143453,16.4,1315
,,21,41259941,46670874,15.7,1449
,,4,178221198,185361242,16.8,1593
,,18,8446393,19654137,16.5,1408
,,1,90125566,113284079,22.8,1043
,,8,75659213,117630683,30.2,1535
,,14,58046568,75045389,15.2,2991
,,12,191619,6196183,16.8,1840
,,12,1916770,8114429,17.5,1754
,,8,16870536,27479227,18.4,2571
,,1,201246636,211425658,15.4,1815
,,8,16690648,27458294,18.7,2622
,,18,5181341,19558879,30.7,2729
,,6,88973751,106548730,16.3,789
,,8,75659213,117630683,30.2,1535
,,5,127803816,157191954,28.4,5017
,,6,165632,5923152,16.8,1820
,,6,150727036,162646769,18.4,2975
,,7,32199098,41241212,10.5,1733
,,8,102516385,125968156,22.1,3719
,,10,126062763,130740976,12.4,1504
,,12,17564072,59286610,37.9,6878
,,15,71956136,89620670,18.0,3069
,,20,15631758,46268493,31.7,5379
,,12,15233495,26532629,16.2,2190
,,1,41904847,62284504,20.9,2949
,,8,80663308,101524955,16.0,2895
,,12,191619,10858817,25.6,2874
,,8,16870536,27479227,18.4,2571
,,8,16690648,27458294,18.7,2622
,,8,19039642,29394781,17.9,2188
,,8,19054974,29453239,17.9,2193
,,8,16690648,29266126,22.5,999
,,8,16796681,25242876,15.3,2466
,,8,77118604,107214049,24.3,3676
,,18,5181341,19558879,30.7,2729
,,18,57634727,77997052,42.4,4898
,,18,5195573,9783269,18.4,1504
,,18,24062211,44216758,17.0,3300
,,13,60965482,92371090,26.2,1208
,,22,45119659,49877875,17.6,924
,,16,105320,10706872,27.1,1687
,,7,115671435,138538228,22.5,1115
,,19,45147719,55195013,30.8,2793
,,8,16655774,25889446,16.4,2395
,,6,38989385,47981686,15.7,2040
,,14,96130617,107143294,23.5,1730
,,18,8446393,19654137,16.5,1408
,,16,79143983,84724890,19.0,1998
,,3,2195312,5791627,12.5,1333
,,11,32571594,44705461,14.9,2329
,,12,15235173,25243893,13.9,2152
,,12,51713586,99135638,46.5,7962
,,18,49488572,67084661,25.5,3504
,,18,7143714,13033053,18.4,1427
,,5,5769499,16081670,19.1,631
,,18,7132405,12834359,18.1,483
,,9,77442616,89440597,18.2,722
,,6,32737494,48162231,22.2,3836
,,22,44886297,49900158,18.9,1424
,,22,45498003,49900158,16.2,1167
,,22,45126775,49900158,17.7,1410
,,22,45446874,50345729,18.0,1226
,,22,46258912,50345729,15.9,1021
,,22,45048253,49911908,18.1,1383
,,22,44886297,49900158,18.9,1486
,,22,44881968,49592082,17.4,1306
,,22,44886297,49877875,18.8,1430
,,22,44842354,50582550,21.2,1427
,,22,44886297,49877875,18.8,1429
,,22,44886297,49900158,18.9,1488
,,22,44881968,49741960,18.2,1335
,,22,44886297,49408735,16.3,1254
,,22,45107125,49911222,17.8,1773
,,22,45437092,49900158,16.4,1632
,,22,45161740,50079434,18.3,1787
,,22,45119659,49877875,17.6,924
,,22,46258912,50108991,15.2,709
,,22,45119659,49900158,17.7,1385
,,22,44886297,49915072,18.9,484
,,22,44778738,50079434,20.1,522
,,22,45161740,49745407,16.9,1303
,,22,44886297,49512164,16.9,1308
,,22,45498115,49900158,16.2,1210
,,22,44886297,50079434,19.6,1892
,,22,45161740,49900158,17.5,1746
,,22,44886297,49319259,15.7,1223
,,22,44886297,49380656,16.1,1611
,,22,44886297,50079434,19.6,1796
,,22,45157103,49900158,17.6,1483
,,3,61495,5490708,16.6,1534
,,1,40974156,64555255,25.1,3308
,,5,159320525,178719364,38.0,3657
,,1,40974156,62284504,22.0,3126
,,5,61749048,80399926,20.0,2728
,,5,94610224,115285650,16.5,2675
,,19,39528932,55728651,39.7,3046
,,3,176691296,190791994,24.9,2297
,,1,41032059,62284504,21.9,3118
,,3,61495,5522945,16.7,1544
,,3,178105341,188397584,17.7,1590
,,1,41255120,62109502,21.3,3613
,,16,79460198,85275835,19.0,671
,,9,134212428,139077343,16.8,1533
,,1,41904847,62284504,20.9,2949
,,8,102428258,126102820,22.6,3777
,,22,45057826,49911222,18.1,948
,,4,11414037,29060867,24.3,2823
,,3,182970805,192028670,21.2,1782
,,11,33961756,69351911,25.0,3604
,,6,8361391,17066353,16.6,1735
,,1,53901837,68401005,20.9,877
,,16,80641397,85296204,16.7,574
,,4,184517243,190872778,18.6,1419
,,4,11328556,30645543,25.8,3357
,,14,58295247,76871801,17.6,2643
,,6,25976927,42462055,15.4,6971
,,4,24728480,37524958,15.3,1881
,,14,29230860,40342577,18.5,1712
,,14,30043269,39319551,17.3,1071
,,14,29504355,40824636,18.5,2238
,,14,29190652,34853118,13.7,1072
,,14,29504355,40164269,18.3,2076
,,11,107430300,122204383,20.2,2479
,,8,77118604,101472510,17.1,2734
,,6,88619412,107182045,17.9,2502
,,13,103828640,111153479,21.0,1948
,,5,159320525,178719364,38.0,3657
,,18,4339053,8468304,17.3,1022
,,8,77118604,101472510,17.1,2735
,,9,128928087,139709976,28.2,2134
,,11,100510448,122466121,25.2,3393
,,5,4717060,16102201,22.7,2159
,,5,8115307,16034232,14.1,1354
,,5,6985430,16128234,16.4,1652
,,11,19569074,30047512,15.4,1927
,,13,22397453,27445339,12.6,451
,,22,44886297,50079434,19.6,1892
,,1,18527213,37548473,24.8,1024
,,14,30985803,38991928,15.6,1495
,,3,61495,5490708,16.6,1534
,,3,61495,5351214,16.2,1486
,,3,61495,5332265,16.1,1493
,,3,61495,5522945,16.7,1544
,,3,61495,5512860,16.6,1524
,,3,61495,5512860,16.6,1524
,,3,61495,5345166,16.2,1495
,,3,61495,5522945,16.7,1557
,,3,61495,5337127,16.2,1673
,,3,63411,5373391,16.3,1052
,,3,63411,5522945,16.7,1085
,,3,179619860,189553287,19.1,1638
,,11,46231502,93767360,31.8,4836
,,22,45048253,49911908,18.1,1383
,,5,61749048,80399926,20.0,2728
,,5,94610224,115285650,16.5,2675
,,19,39528932,55728651,39.7,3046
,,11,124453666,134926754,23.1,2437
,,11,45239959,93787542,32.8,4973
,,3,178105341,188397584,17.7,1590
,,1,53901837,64426469,16.2,637
,,3,178173268,188662678,18.2,1215
,,16,105320,10706872,27.1,1687
,,3,63411,5343801,16.2,938
,,3,61495,5492484,16.6,1554
,,3,471460,5332265,15.6,1402
,,3,61495,5332265,16.1,1517
,,3,61495,5277162,16.0,1836
,,3,61495,5277162,16.0,1753
,,12,118562757,128498837,17.7,1731
,,12,125269323,128642674,11.2,859
,,12,125198575,128546979,10.9,1078
,,8,77118604,107214049,24.3,3676
,,18,5181341,19558879,30.7,2729
,,5,162677234,172038164,18.7,2290
,,19,41056792,48755267,11.0,735
,,5,31469172,41301008,14.1,2042
,,9,76944989,93975471,27.3,1295
,,12,121600529,129615327,19.7,2207
,,3,179619860,189553287,19.1,1638
,,3,181954164,190722423,20.2,1694
,,3,176691296,190791994,24.9,2297
,,3,176750426,190722423,24.7,2275
,,3,176691296,188689987,20.0,1838
,,3,178105341,188397584,17.7,1590
,,3,176693589,189170348,21.1,2457
,,3,176691296,190593084,24.5,2152
,,3,176647385,187004183,15.4,575
,,3,178173268,188662678,18.2,1218
,,3,178173268,188662678,18.2,1215
,,3,177932934,188662678,18.5,1230
,,3,176590693,190700956,24.9,886
,,16,81244502,85531362,15.5,1648
,,3,63411,5343801,16.2,938
,,16,78958477,84623076,19.9,2365
,,3,179460825,190865991,22.4,2463
,,1,40974156,64555255,25.1,3308
,,1,40974156,62284504,22.0,3126
,,1,48053426,66691885,21.7,2935
,,1,53778904,68105186,20.7,2653
,,1,41032059,62284504,21.9,3118
,,1,57400984,68105186,15.2,1939
,,1,57360450,68105186,15.3,1941
,,1,57211976,68105186,15.5,1994
,,1,53901837,68401005,20.9,877
,,1,41255120,62109502,21.3,3613
,,1,43254108,60448209,17.2,2897
,,1,40974156,67352960,28.1,2719
,,1,53901837,64426469,16.2,637
,,1,43350603,66058513,24.5,4112
,,1,40974156,60474983,19.4,3301
,,1,48174867,62032669,15.8,2084
,,1,54354658,67937751,19.5,3001
,,1,53259950,68105186,21.3,1921
,,1,40974156,67937751,29.0,2783
,,1,40974156,60474983,19.4,3140
,,1,55261752,68105186,18.2,2829
,,1,41904847,62284504,20.9,2949
,,1,41032059,68105186,29.2,4892
,,6,55766417,90683587,18.1,3195
,,18,4150108,8467173,17.9,1075
,,5,6249440,16034232,17.8,758
,,16,80641397,85296204,16.7,574
,,17,13703203,32810443,21.7,722
,,16,79460198,85275835,19.0,671
,,3,176693589,189170348,21.1,2457
,,7,40760498,73814702,25.1,1376
,,5,94316007,115120408,16.5,1856
,,3,176590693,190700956,24.9,886
,,7,129738451,139360198,15.6,1008
,,1,52097580,68487020,22.6,946
,,16,79143983,85230723,21.3,2203
,,16,80945538,85230723,15.9,1722
,,16,81244502,85531362,15.5,1648
,,16,79738625,85296204,18.1,1989
,,16,80419872,85296204,17.0,1820
,,16,79143983,84724890,19.0,1998
,,16,77879657,82428543,15.4,1497
,,16,79305577,83040846,10.7,1167
,,16,80641397,85296204,16.7,574
,,16,79465800,85335951,19.2,675
,,16,79460198,85275835,19.0,671
,,16,79514155,85207028,18.6,2513
,,16,79130890,84069768,15.7,550
,,16,78635695,85230723,24.7,2463
,,16,78629320,84729712,22.5,2822
,,16,76055486,85226863,28.1,3108
,,1,40974156,62284504,22.0,3126
,,3,61495,5351214,16.2,1486
,,3,61495,5512860,16.6,1524
,,1,43350603,66058513,24.5,4112
,,16,77888266,83324765,17.7,614
,,4,184517243,190872778,18.6,1419
,,3,179460825,190865991,22.4,2463
,,18,6107360,11649014,21.2,1870
,,16,78958477,84623076,19.9,2365
PATRICIA,,9,128928087,139709976,28.2,2134
PATRICIA,,9,129777653,138913404,25.0,1891
PATRICIA,,9,133981491,139077343,17.3,711
PATRICIA,,8,77118604,107214049,24.3,3676
PATRICIA,,2,25755848,39930277,16.1,2522
PATRICIA,,1,53901837,64426469,16.2,637
PATRICIA,,5,31469172,41301008,14.1,2042
PATRICIA,,22,45057826,49911222,18.1,948
PATRICIA,,8,102428258,126102820,22.6,3777
PATRICIA,,9,134212428,139077343,16.8,1533
,,2,106682622,123139879,15.2,1960
,,22,45048253,49911908,18.1,1383
,,12,125269323,128642674,11.2,859
,,3,62527223,73497023,17.7,2157
,,3,70229761,102058887,18.5,1037
,,8,77118604,101472510,17.1,2734
,,8,76215616,119856209,31.9,5175
,,8,77118604,107214049,24.3,3676
,,8,77118604,101472510,17.1,2735
,,8,98987918,126843414,28.2,3635
,,8,76226176,105696848,23.6,3444
,,8,92295114,121603802,25.0,3578
,,8,76560454,126781758,43.2,6107
,,8,96232747,124865882,27.9,3900
,,8,80290562,105409476,22.1,1013
,,8,76226176,123574070,36.5,5933
,,8,96204142,103591361,10.2,507
,,8,98364203,121830295,19.1,3027
,,8,94999197,120435705,22.0,3949
,,8,78510649,105381212,22.4,3999
,,8,89763735,120218092,25.0,4562
,,8,80663308,101524955,16.0,2895
,,18,4339053,8468304,17.3,1022
,,8,103529405,126781758,21.4,2992
,,11,19538163,30047512,15.5,1740
,,16,72931085,81762739,19.4,2188
,,18,5195573,9783269,18.4,1504
,,18,24062211,44216758,17.0,3300
,,14,58046568,75045389,15.2,2991
,,12,191619,10858817,25.6,2874
,,19,45147719,55195013,30.8,2793
,,8,75659213,117630683,30.2,1535
,,10,90744325,108818287,16.3,2551
,,14,42446967,58308024,15.2,2176
,,5,8319421,16829132,15.2,484
,,16,5711291,13638938,21.4,2774
,,1,171735198,195923038,18.6,901
,,12,54134291,79595885,24.7,1170
,,17,13546,5616579,15.8,1314
,,9,76944989,93975471,27.3,1295
,,10,95064137,117854042,22.8,3496
,,14,48994889,58295247,11.7,1711
,,16,55736527,82068897,36.4,4335
,,15,57725259,80014686,29.4,3347
,,5,94316007,115120408,16.5,1856
,,15,94179432,102274497,26.1,549
,,16,62571383,86114829,42.1,1632
,,19,15093503,34429795,19.9,2581
,,16,57157206,74097266,15.5,2726
,,5,162677234,172038164,18.7,2290
,,16,101263,5023521,10.8,797
,,16,5631166,12652425,18.7,2065
,,7,7804403,20737300,21.0,2875
,,6,76127504,101967710,17.9,3015
,,18,57634727,77997052,42.4,4898
,,15,46666881,61177888,15.5,2839
,,14,58295247,78779686,20.4,3861
,,19,41056792,48755267,11.0,735
,,14,58295247,78539977,20.1,3764
,,5,127803816,157191954,28.4,5017
,,6,165632,5923152,16.8,1820
,,6,150727036,162646769,18.4,2975
,,7,32199098,41241212,10.5,1733
,,8,102516385,125968156,22.1,3719
,,10,126062763,130740976,12.4,1504
,,12,17564072,59286610,37.9,6878
,,15,71956136,89620670,18.0,3069
,,20,15631758,46268493,31.7,5379
,,16,101263,4942099,10.7,792
,,16,5685071,12640309,18.5,2041
,,9,77404435,89336987,18.0,720
,,20,51527356,58023771,17.6,773
,,5,162736772,172038164,18.6,2281
,,8,108039422,126102820,16.6,2513
,,8,102109037,126102820,23.4,3858
,,8,102261691,125968156,22.7,1219
,,5,127803816,157191954,28.4,5017
,,6,165632,5923152,16.8,1820
,,6,150727036,162646769,18.4,2975
,,7,32199098,41241212,10.5,1733
,,8,102516385,125968156,22.1,3719
,,10,126062763,130740976,12.4,1504
,,12,17564072,59286610,37.9,6878
,,15,71956136,89620670,18.0,3069
,,20,15631758,46268493,31.7,5379
,,8,102428258,126102820,22.6,3777
,,6,143067927,157398175,19.4,2760
,,1,57400984,68105186,15.2,1939
,,9,129777653,138913404,25.0,1891
,,6,88973751,106548730,16.3,789
,,15,87531281,94522459,17.0,565
,,5,76868950,95508726,18.4,770
,,8,102145463,125968156,23.0,3815
RA,,15,94193200,102224341,25.7,1854
RA,,15,94187859,102385044,26.3,1880
RA,,15,94328994,99290406,16.9,1268
RA,,15,94193200,98674403,15.6,1322
RA,,15,94179432,102274497,26.1,549
RA,,22,44886297,49877875,18.8,1430
RA,,1,53901837,68401005,20.9,877
RA,,3,61495,5522945,16.7,1557
RA,,16,79465800,85335951,19.2,675
RA,,19,15012726,34069166,19.1,2479
RA,,19,50289859,54443866,17.2,1250
RA,,15,94187859,100828865,20.4,556
SHANNON,,14,58295247,78779686,20.4,3861
SHANNON,,14,63526171,78568445,16.3,1624
SHANNON,,14,58295247,76871801,17.6,2643
SHANNON,,8,77118604,101472510,17.1,2734
SHANNON,,16,6756396,16975959,20.0,2351
SHANNON,,5,159320525,178719364,38.0,3657
SHANNON,,7,106306401,130589791,18.2,2451
SHANNON,,1,40974156,62284504,22.0,3126
SHANNON,,8,77118604,101472510,17.1,2735
SHANNON,,9,3106474,9918976,15.9,2211
SHANNON,,1,211774350,229003739,16.3,3018
SHANNON,,7,40760498,73814702,25.1,1376
SHANNON,,5,162677234,172038164,18.7,2290
SHANNON,,5,162736772,172038164,18.6,2281
SHANNON,,20,51527356,58023771,17.6,773
SHANNON,,22,45157103,49900158,17.6,1483
SHANNON,,14,58295247,78539977,20.1,3764
,,8,76215616,119856209,31.9,5175
,,8,77118604,107214049,24.3,3676
,,8,103529405,126781758,21.4,2992
,,8,98987918,126843414,28.2,3635
,,8,76226176,105696848,23.6,3444
,,8,92295114,121603802,25.0,3578
,,8,76560454,126781758,43.2,6107
,,8,96232747,124865882,27.9,3900
,,8,80290562,105409476,22.1,1013
,,8,76226176,123574070,36.5,5933
,,8,96204142,103591361,10.2,507
,,8,98364203,121830295,19.1,3027
,,8,75659213,117630683,30.2,1535
,,8,78510649,105381212,22.4,3999
,,8,89763735,120218092,25.0,4562
,,9,115781111,127821778,16.2,2463
,,4,70513710,91748644,21.9,3200
,,1,211774350,229003739,16.3,3018
,,8,106319151,126830010,19.5,1032
,,7,9521934,20737300,16.4,2779
,,15,46821267,64236441,19.5,3540
,,8,94999197,120435705,22.0,3949
,,16,79143983,85230723,21.3,2203
,,16,80945538,85230723,15.9,1722
,,16,81244502,85531362,15.5,1648
,,16,79738625,85296204,18.1,1989
,,16,80419872,85296204,17.0,1820
,,16,79143983,84724890,19.0,1998
,,16,77879657,82428543,15.4,1497
,,16,79305577,83040846,10.7,1167
,,16,80641397,85296204,16.7,574
,,16,79465800,85335951,19.2,675
,,16,79460198,85275835,19.0,671
,,16,77888266,83324765,17.7,614
,,16,79514155,85207028,18.6,2513
,,16,79130890,84069768,15.7,550
,,16,78958477,84623076,19.9,2365
,,16,78629320,84729712,22.5,2822
,,16,76055486,85226863,28.1,3108
,,22,45119659,49900158,17.7,1385
,,22,44886297,49915072,18.9,484
,,3,61495,5492484,16.6,1554
,,3,176590693,190700956,24.9,886
,,16,78635695,85230723,24.7,2463
,,6,147185851,158980351,18.4,2350
,,6,147912444,159007004,17.6,2232
,,3,2195312,5791627,12.5,1333
,,11,32571594,44705461,14.9,2329
,,12,15235173,25243893,13.9,2152
,,12,51713586,99135638,46.5,7962
,,18,49488572,67084661,25.5,3504
,,8,108039422,126102820,16.6,2513
,,8,102109037,126102820,23.4,3858
,,8,102261691,125968156,22.7,1219
,,8,102145463,125968156,23.0,3815
,,12,15233495,26532629,16.2,2190
,,8,102428258,126102820,22.6,3777
,,11,107430300,122204383,20.2,2479
,,16,101263,5023521,10.8,797
,,16,5631166,12652425,18.7,2065
,,5,61749048,80399926,20.0,2728
,,5,94610224,115285650,16.5,2675
,,19,39528932,55728651,39.7,3046
,,11,100510448,122466121,25.2,3393
,,21,28196045,43102097,30.1,2897
,,15,57725259,80014686,29.4,3347
,,1,211877481,228916634,16.2,2535
,,15,66358474,81133856,17.8,2059
,,12,191619,6196183,16.8,1840
,,15,46666881,61177888,15.5,2839
,,1,211774350,229003739,16.3,3018
,,15,61314596,81161130,23.6,866
,,12,53323694,79506862,25.5,2515
,,11,100271469,122675454,26.1,1239
,,12,191619,10858817,25.6,2874
,,5,162736772,172038164,18.6,2281
,,16,101263,4942099,10.7,792
,,16,5685071,12640309,18.5,2041
,,5,5769499,16081670,19.1,631
,,15,54796677,81132202,32.6,4807
,,15,57750647,79999877,29.3,3819
,,12,125198575,128546979,10.9,1078
,,8,80663308,101524955,16.0,2895
,,5,127803816,157191954,28.4,5017
,,6,165632,5923152,16.8,1820
,,6,150727036,162646769,18.4,2975
,,7,32199098,41241212,10.5,1733
,,8,102516385,125968156,22.1,3719
,,10,126062763,130740976,12.4,1504
,,12,17564072,59286610,37.9,6878
,,15,71956136,89620670,18.0,3069
,,20,15631758,46268493,31.7,5379
,,3,2195312,5791627,12.5,1333
,,11,32571594,44705461,14.9,2329
,,12,15235173,25243893,13.9,2152
,,12,51713586,99135638,46.5,7962
,,18,49488572,67084661,25.5,3504
,,5,127803816,157191954,28.4,5017
,,6,165632,5923152,16.8,1820
,,6,150727036,162646769,18.4,2975
,,7,32199098,41241212,10.5,1733
,,8,102516385,125968156,22.1,3719
,,10,126062763,130740976,12.4,1504
,,12,17564072,59286610,37.9,6878
,,15,71956136,89620670,18.0,3069
,,20,15631758,46268493,31.7,5379
,,16,72931085,81762739,19.4,2188
,,17,13703203,32810443,21.7,722
,,18,5195573,9783269,18.4,1504
,,18,24062211,44216758,17.0,3300
,,7,42131390,76751658,25.7,1189
,,8,76226176,123574070,36.5,5933
,,16,62571383,86114829,42.1,1632
,,12,191619,10858817,25.6,2874
,,9,77442616,89440597,18.2,722
,,12,15233495,26532629,16.2,2190
,,7,7804403,20737300,21.0,2875
,,22,45446874,50345729,18.0,1226
,,3,176750426,190722423,24.7,2275
,,8,96232747,124865882,27.9,3900
,,18,6092335,12747012,22.8,574
,,12,191619,6196183,16.8,1840
,,4,70513710,91748644,21.9,3200
,,18,6133402,11649014,21.1,1854
,,5,6985430,16128234,16.4,1652
,,8,94999197,120435705,22.0,3949
,,8,102428258,126102820,22.6,3777
,,7,9521934,20737300,16.4,2779
,,16,79143983,85230723,21.3,2203
,,16,80945538,85230723,15.9,1722
,,16,81244502,85531362,15.5,1648
,,16,79738625,85296204,18.1,1989
,,16,80419872,85296204,17.0,1820
,,16,79143983,84724890,19.0,1998
,,16,77879657,82428543,15.4,1497
,,16,79305577,83040846,10.7,1167
,,16,80641397,85296204,16.7,574
,,16,79465800,85335951,19.2,675
,,16,79460198,85275835,19.0,671
,,16,77888266,83324765,17.7,614
,,16,79514155,85207028,18.6,2513
,,16,79130890,84069768,15.7,550
,,16,78958477,84623076,19.9,2365
,,16,78635695,85230723,24.7,2463
,,16,76055486,85226863,28.1,3108
,,5,8115307,16034232,14.1,1354
,,4,140802689,156918475,16.1,2297
,,1,54354658,67937751,19.5,3001
,,22,44886297,49915072,18.9,484
,,22,44886297,49512164,16.9,1308
,,3,61495,5492484,16.6,1554
,,16,78629320,84729712,22.5,2822
,,18,6001128,12399481,22.9,1709
,,3,8327085,21083986,18.3,2239
,,15,57725259,80014686,29.4,3347
,,3,176750426,190722423,24.7,2275
,,3,62527223,73497023,17.7,2157
,,12,1916770,8114429,17.5,1754
,,7,40760498,73814702,25.1,1376
,,18,5985892,13033053,23.7,1158
,,3,63411,5343801,16.2,938
,,14,30985803,38991928,15.6,1495
,,16,65877585,82068897,24.2,3771
,,15,54796677,81132202,32.6,4807
,,15,57750647,79999877,29.3,3819
,,9,76944989,93975471,27.3,1295
,,13,22397453,27445339,12.6,451
,,3,62574188,82010368,24.2,2942
,,3,63788094,87276699,23.1,3010
,,3,65289530,101911058,24.2,3743
,,15,46651153,62460328,17.7,2521
,,6,124178280,137372463,15.3,644
,,13,91974018,99024955,10.3,385
,,13,60184047,99001223,36.6,6372
,,18,5985892,13033053,23.7,1158
,,3,63411,5373391,16.3,1052
,,6,25674509,42940673,16.7,2244
,,15,87531281,94522459,17.0,565
,,18,7132405,12834359,18.1,483
,,1,18527213,37548473,24.8,1024
,,9,77442616,89440597,18.2,722
,,3,70229761,102058887,18.5,1037
,,5,4725405,16408600,23.2,2194
,,5,8115307,16054101,14.1,1359
,,5,4717060,16102201,22.7,2159
,,5,4872310,16158739,22.3,2229
,,5,8115307,16034232,14.1,1354
,,5,6249440,16034232,17.8,758
,,5,8319421,16829132,15.2,484
,,5,6985430,16128234,16.4,1652
,,5,6922386,16034232,16.4,1085
,,5,8115307,16128234,14.3,1692
,,5,5769499,16081670,19.1,631
,,5,5790928,16408600,19.6,2390
,,11,33961756,69351911,25.0,3604
,,22,45498115,49900158,16.2,1210
,,13,23396326,30047005,15.7,547
,,5,4872310,16110431,22.2,2662
,,8,77118604,101472510,17.1,2734
,,16,6756396,16975959,20.0,2351
,,5,4872310,16158739,22.3,2229
,,8,96232747,124865882,27.9,3900
,,6,3153383,11333684,19.1,1821
,,3,133701960,147794002,14.2,1858
,,15,51979674,64168647,15.6,2731
,,15,61103590,71927201,16.5,1884
,,11,95040906,121266057,29.2,5085
,,9,77404435,89336987,18.0,720
,,16,101263,5023521,10.8,797
,,16,5631166,12652425,18.7,2065
,,16,6756396,16975959,20.0,2351
,,16,5711291,13638938,21.4,2774
,,16,105320,10706872,27.1,1687
,,6,147185851,158980351,18.4,2350
,,6,147912444,159007004,17.6,2232
,,10,90744325,108818287,16.3,2551
,,3,8327085,21083986,18.3,2239
,,7,80611355,95697118,13.3,1831
,,3,8095826,20996215,18.8,2270
,,3,61495,5522945,16.7,1557
,,2,26199220,40135076,15.9,2498
,,6,124178280,137372463,15.3,644
,,13,91974018,99024955,10.3,385
,,1,211774350,229003739,16.3,3018
,,20,49625623,57193906,18.8,2348
,,5,162736772,172038164,18.6,2281
,,5,127803816,157191954,28.4,5017
,,6,165632,5923152,16.8,1820
,,6,150727036,162646769,18.4,2975
,,7,32199098,41241212,10.5,1733
,,8,102516385,125968156,22.1,3719
,,10,126062763,130740976,12.4,1504
,,12,17564072,59286610,37.9,6878
,,15,71956136,89620670,18.0,3069
,,20,15631758,46268493,31.7,5379
,,6,99921822,117831565,15.6,2349
,,16,101263,4942099,10.7,792
,,16,5685071,12640309,18.5,2041
,,16,101263,5023521,10.8,797
,,16,5631166,12652425,18.7,2065
,,6,25842605,42471579,15.6,3219
,,18,8446393,19654137,16.5,1408
,,8,108039422,126102820,16.6,2513
,,9,119990164,133888771,19.3,1523
,,5,94316007,115120408,16.5,1856
,,1,171735198,195923038,18.6,901
,,12,54134291,79595885,24.7,1170
,,16,101263,4942099,10.7,792
,,16,5685071,12640309,18.5,2041
,,18,7143714,13033053,18.4,1427
,,9,76246845,89142905,18.7,2337
,,15,57750647,79999877,29.3,3819
,,19,15093503,34371198,19.8,2450
,,18,7132405,12834359,18.1,483
,,6,99921822,117831565,15.6,2349
,,18,6001128,12399481,22.9,1709
,,18,6487465,12741370,21.4,1585
,,18,6040528,9814778,15.4,976
,,18,6783759,10948635,16.3,1143
,,18,5181341,19558879,30.7,2729
,,18,6092335,12747012,22.8,574
,,18,6923291,12429202,18.8,1802
,,18,7383326,12747012,16.6,1635
,,18,5195573,9783269,18.4,1504
,,18,24062211,44216758,17.0,3300
,,18,6133402,11649014,21.1,1854
,,18,5985892,13033053,23.7,1158
,,18,7054431,20796504,23.9,1951
,,18,7192874,20796504,23.1,1906
,,18,6107360,12415885,22.5,2049
,,18,6107360,11075734,19.6,1713
,,18,7132405,12834359,18.1,483
,,18,6107360,11649014,21.2,1870
,,22,44886297,49900158,18.9,1424
,,22,45048253,49911908,18.1,1383
,,3,61495,5351214,16.2,1486
,,18,8446393,19654137,16.5,1408
,,17,228978,5855267,15.8,1347
,,6,32737494,48162231,22.2,3836
,,6,99921822,117831565,15.6,2349
,,22,44886297,50079434,19.6,1892
,,5,5769499,16081670,19.1,631
,,3,176590693,190700956,24.9,886
,,18,7143714,13033053,18.4,1427
,,9,77406281,89199498,17.7,1278
,,9,77404435,89336987,18.0,720
,,9,77442616,89440597,18.2,722
,,22,45126775,49900158,17.7,1410
,,8,98987918,126843414,28.2,3635
,,11,124453666,134926754,23.1,2437
,,16,79305577,83040846,10.7,1167
,,16,79465800,85335951,19.2,675
,,10,108216760,125192081,25.3,3720
,,22,44778738,50079434,20.1,522
,,6,99921822,117831565,15.6,2349
,,3,61495,5277162,16.0,1836
,,9,76246845,89142905,18.7,2337
,,16,79143983,85230723,21.3,2203
,,16,80945538,85230723,15.9,1722
,,16,81244502,85531362,15.5,1648
,,16,79738625,85296204,18.1,1989
,,16,80419872,85296204,17.0,1820
,,16,79143983,84724890,19.0,1998
,,16,77879657,82428543,15.4,1497
,,16,79305577,83040846,10.7,1167
,,16,80641397,85296204,16.7,574
,,16,79465800,85335951,19.2,675
,,16,79460198,85275835,19.0,671
,,16,77888266,83324765,17.7,614
,,16,79514155,85207028,18.6,2513
,,16,79130890,84069768,15.7,550
,,16,78958477,84623076,19.9,2365
,,16,78635695,85230723,24.7,2463
,,16,78629320,84729712,22.5,2822
,,15,42134301,60984270,17.6,2555
,,1,48053426,66691885,21.7,2935
,,1,53901837,64426469,16.2,637
,,2,12581267,23095572,15.2,573
,,3,176647385,187004183,15.4,575
,,3,176590693,190700956,24.9,886
,,16,76055486,85226863,28.1,3108
,,22,44886297,49900158,18.9,1424
,,22,45498003,49900158,16.2,1167
,,22,45126775,49900158,17.7,1410
,,22,45446874,50345729,18.0,1226
,,22,46258912,50345729,15.9,1021
,,22,45048253,49911908,18.1,1383
,,22,44881968,49592082,17.4,1306
,,22,44886297,49877875,18.8,1430
,,22,44842354,50582550,21.2,1427
,,22,44886297,49877875,18.8,1429
,,22,44881968,49741960,18.2,1335
,,22,44886297,49408735,16.3,1254
,,22,45107125,49911222,17.8,1773
,,22,45437092,49900158,16.4,1632
,,22,45161740,50079434,18.3,1787
,,22,45119659,49877875,17.6,924
,,22,46258912,50108991,15.2,709
,,22,45119659,49900158,17.7,1385
,,22,44886297,49915072,18.9,484
,,22,44778738,50079434,20.1,522
,,22,45057826,49911222,18.1,948
,,22,44886297,49512164,16.9,1308
,,22,45498115,49900158,16.2,1210
,,22,45161740,49900158,17.5,1746
,,22,44886297,49319259,15.7,1223
,,22,44886297,49380656,16.1,1611
,,22,44886297,50079434,19.6,1796
,,22,45157103,49900158,17.6,1483
,,19,6965278,15143453,16.3,1308
,,22,44886297,49900158,18.9,1486
,,16,53416622,66053401,18.3,2148
,,22,44886297,49900158,18.9,1488
,,6,88891040,106536253,16.4,2240
,,6,76127504,101967710,17.9,3015
,,3,178105341,188397584,17.7,1590
,,11,19580233,29884984,15.2,2087
,,16,5711291,13638938,21.4,2774
,,1,53901837,64426469,16.2,637
,,3,176693589,189170348,21.1,2457
,,1,40974156,67937751,29.0,2783
,,16,79130890,84069768,15.7,550
,,22,44886297,50079434,19.6,1892
,,3,61495,5277162,16.0,1836
,,22,45161740,49745407,16.9,1303
,,22,44886297,49900158,18.9,1424
,,22,45498003,49900158,16.2,1167
,,22,45126775,49900158,17.7,1410
,,22,45446874,50345729,18.0,1226
,,22,46258912,50345729,15.9,1021
,,22,45048253,49911908,18.1,1383
,,22,44886297,49900158,18.9,1486
,,22,44881968,49592082,17.4,1306
,,22,44886297,49877875,18.8,1430
,,22,44842354,50582550,21.2,1427
,,22,44886297,49877875,18.8,1429
,,22,44886297,49900158,18.9,1488
,,22,44881968,49741960,18.2,1335
,,22,44886297,49408735,16.3,1254
,,22,45107125,49911222,17.8,1773
,,22,45437092,49900158,16.4,1632
,,22,45161740,50079434,18.3,1787
,,22,45119659,49877875,17.6,924
,,22,46258912,50108991,15.2,709
,,22,45119659,49900158,17.7,1385
,,22,44886297,49915072,18.9,484
,,22,44778738,50079434,20.1,522
,,22,45057826,49911222,18.1,948
,,22,45161740,49745407,16.9,1303
,,22,45498115,49900158,16.2,1210
,,22,44886297,50079434,19.6,1892
,,22,45161740,49900158,17.5,1746
,,22,44886297,49319259,15.7,1223
,,22,44886297,49380656,16.1,1611
,,22,44886297,50079434,19.6,1796
,,22,45157103,49900158,17.6,1483
,,15,94187859,102385044,26.3,1880
,,1,48053426,66691885,21.7,2935
,,10,125262764,132749766,20.7,1975
,,3,61495,5522945,16.7,1557
,,1,53901837,64426469,16.2,637
,,3,176691296,190593084,24.5,2152
,,5,6922386,16034232,16.4,1085
,,3,63411,5343801,16.2,938
,,16,78629320,84729712,22.5,2822
,,3,176590693,190700956,24.9,886
,,18,13775272,59420763,45.1,1924
,,22,44886297,49512164,16.9,1308
,,3,61495,5490708,16.6,1534
,,3,61495,5351214,16.2,1486
,,3,61495,5332265,16.1,1493
,,3,61495,5522945,16.7,1544
,,3,61495,5512860,16.6,1524
,,3,61495,5512860,16.6,1524
,,3,61495,5345166,16.2,1495
,,3,61495,5522945,16.7,1557
,,3,61495,5337127,16.2,1673
,,3,63411,5373391,16.3,1052
,,3,63411,5522945,16.7,1085
,,3,63411,5343801,16.2,938
,,3,471460,5332265,15.6,1402
,,3,61495,5332265,16.1,1517
,,3,61495,5277162,16.0,1836
,,15,57725259,80014686,29.4,3347
,,5,8115307,16034232,14.1,1354
,,11,19580233,30047512,15.3,1723
,,1,43254108,60448209,17.2,2897
,,2,26199220,40135076,15.9,2498
,,16,79465800,85335951,19.2,675
,,1,43350603,66058513,24.5,4112
,,1,40974156,60474983,19.4,3301
,,12,53323694,79506862,25.5,2515
,,22,44886297,49915072,18.9,484
,,3,61495,5277162,16.0,1753
,,16,78635695,85230723,24.7,2463
,,16,78629320,84729712,22.5,2822
,,15,48070793,64168647,17.8,3314
,,22,45161740,49900158,17.5,1746
,,3,176590693,190700956,24.9,886
,,11,19569074,29884984,15.3,2110
,,3,61495,5492484,16.6,1554
,,3,61495,5351214,16.2,1486
,,3,65289530,101911058,24.2,3743
,,2,25755848,39930277,16.1,2522
,,2,26199220,40135076,15.9,2498
,,19,45202052,51954858,17.3,1652
,,18,57634727,77997052,42.4,4898
,,3,2195312,5791627,12.5,1333
,,11,32571594,44705461,14.9,2329
,,12,15235173,25243893,13.9,2152
,,12,51713586,99135638,46.5,7962
,,18,49488572,67084661,25.5,3504
,,2,106682622,123139879,15.2,1960
,,1,90125566,113284079,22.8,1043
,,14,29230860,40342577,18.5,1712
,,3,8316110,20996215,18.2,2255
,,5,8319421,16829132,15.2,484
,,14,29504355,40164269,18.3,2076
,,7,115671435,138538228,22.5,1115
,,1,90601007,113449627,22.5,3252
,,22,44886297,49900158,18.9,1424
,,22,45498003,49900158,16.2,1167
,,22,45126775,49900158,17.7,1410
,,22,45446874,50345729,18.0,1226
,,22,46258912,50345729,15.9,1021
,,22,45048253,49911908,18.1,1383
,,22,44886297,49900158,18.9,1486
,,22,44881968,49592082,17.4,1306
,,22,44886297,49877875,18.8,1430
,,22,44842354,50582550,21.2,1427
,,22,44886297,49877875,18.8,1429
,,22,44886297,49900158,18.9,1488
,,22,44881968,49741960,18.2,1335
,,22,44886297,49408735,16.3,1254
,,22,45107125,49911222,17.8,1773
,,22,45437092,49900158,16.4,1632
,,22,45161740,50079434,18.3,1787
,,22,45119659,49877875,17.6,924
,,22,46258912,50108991,15.2,709
,,22,45119659,49900158,17.7,1385
,,22,44886297,49915072,18.9,484
,,22,44778738,50079434,20.1,522
,,22,45057826,49911222,18.1,948
,,22,45161740,49745407,16.9,1303
,,22,44886297,49512164,16.9,1308
,,22,44886297,50079434,19.6,1892
,,22,45161740,49900158,17.5,1746
,,22,44886297,49319259,15.7,1223
,,22,44886297,49380656,16.1,1611
,,22,44886297,50079434,19.6,1796
,,22,45157103,49900158,17.6,1483
,,16,79738625,85296204,18.1,1989
,,3,61495,5332265,16.1,1493
,,1,53901837,68401005,20.9,877
,,4,140802689,156918475,16.1,2297
,,16,80641397,85296204,16.7,574
,,1,40974156,67352960,28.1,2719
,,3,176693589,189170348,21.1,2457
,,4,184517243,190872778,18.6,1419
,,5,4872310,16110431,22.2,2662
,,19,50289859,54443866,17.2,1250
,,11,19569074,29884984,15.3,2110
,,22,45498115,49900158,16.2,1210
,,3,61495,5490708,16.6,1534
,,3,61495,5351214,16.2,1486
,,3,61495,5332265,16.1,1493
,,3,61495,5522945,16.7,1544
,,3,61495,5512860,16.6,1524
,,3,61495,5512860,16.6,1524
,,3,61495,5345166,16.2,1495
,,3,61495,5522945,16.7,1557
,,3,61495,5337127,16.2,1673
,,3,63411,5373391,16.3,1052
,,3,63411,5522945,16.7,1085
,,3,63411,5343801,16.2,938
,,3,61495,5492484,16.6,1554
,,3,61495,5332265,16.1,1517
,,3,61495,5277162,16.0,1836
,,11,19538163,30047512,15.5,1740
,,22,45119659,49900158,17.7,1385
,,3,61495,5277162,16.0,1753
,,3,471460,5332265,15.6,1402
,,3,61495,5490708,16.6,1534
,,3,61495,5351214,16.2,1486
,,3,61495,5332265,16.1,1493
,,3,61495,5522945,16.7,1544
,,3,61495,5512860,16.6,1524
,,3,61495,5512860,16.6,1524
,,3,61495,5345166,16.2,1495
,,3,61495,5522945,16.7,1557
,,3,61495,5337127,16.2,1673
,,3,63411,5373391,16.3,1052
,,3,63411,5522945,16.7,1085
,,3,63411,5343801,16.2,938
,,3,61495,5492484,16.6,1554
,,3,471460,5332265,15.6,1402
,,3,61495,5277162,16.0,1836
,,12,191619,6196183,16.8,1840
,,1,53901837,64426469,16.2,637
,,1,40974156,60474983,19.4,3301
,,16,105320,10706872,27.1,1687
,,3,61495,5277162,16.0,1753
,,22,44886297,49319259,15.7,1223
,,22,44886297,50079434,19.6,1796
,,18,6107360,11649014,21.2,1870
,,3,61495,5332265,16.1,1517
,,14,58295247,78779686,20.4,3861
,,14,63526171,78568445,16.3,1624
,,14,58295247,78539977,20.1,3764
,,3,63788094,87276699,23.1,3010
,,18,4150108,8467173,17.9,1075
,,15,57725259,80014686,29.4,3347
,,1,40974156,67352960,28.1,2719
,,4,184517243,190872778,18.6,1419
,,4,24728480,37524958,15.3,1881
,,14,58295247,76871801,17.6,2643
,,14,29230860,40342577,18.5,1712
,,14,30043269,39319551,17.3,1071
,,14,29504355,40824636,18.5,2238
,,14,30985803,38991928,15.6,1495
,,14,29504355,40164269,18.3,2076
,,19,6965278,15143453,16.3,1308
,,19,6944843,15143453,16.4,1315
,,5,2908851,9997370,18.3,1738
,,1,53901837,68401005,20.9,877
,,20,48591758,57957021,22.3,2830
,,20,51851473,57958335,16.6,1948
,,14,29190652,34853118,13.7,1072
,,1,40974156,64555255,25.1,3308
,,1,40974156,62284504,22.0,3126
,,1,48053426,66691885,21.7,2935
,,1,53778904,68105186,20.7,2653
,,1,41032059,62284504,21.9,3118
,,1,53901837,68401005,20.9,877
,,1,41255120,62109502,21.3,3613
,,1,43254108,60448209,17.2,2897
,,1,40974156,67352960,28.1,2719
,,1,53901837,64426469,16.2,637
,,1,43350603,66058513,24.5,4112
,,1,40974156,60474983,19.4,3301
,,1,48174867,62032669,15.8,2084
,,1,54354658,67937751,19.5,3001
,,1,53259950,68105186,21.3,1921
,,1,40974156,67937751,29.0,2783
,,1,40974156,60474983,19.4,3140
,,1,55261752,68105186,18.2,2829
,,1,52097580,68487020,22.6,946
,,1,41032059,68105186,29.2,4892
,,5,4717060,16102201,22.7,2159
,,16,80419872,85296204,17.0,1820
,,1,57400984,68105186,15.2,1939
,,1,57360450,68105186,15.3,1941
,,22,44886297,49900158,18.9,1488
,,1,57211976,68105186,15.5,1994
,,22,45107125,49911222,17.8,1773
,,16,79465800,85335951,19.2,675
,,3,176693589,189170348,21.1,2457
,,3,178173268,188662678,18.2,1218
,,3,178173268,188662678,18.2,1215
,,12,191619,10858817,25.6,2874
,,22,45057826,49911222,18.1,948
,,1,41904847,62284504,20.9,2949
,,5,4725405,16408600,23.2,2194
,,1,36887163,53259950,15.2,1959
,,5,4872310,16158739,22.3,2229
,,18,44065959,59020960,19.6,3055
,,2,12581267,23095572,15.2,573
,,10,73828748,94881612,20.1,3704
,,5,5769499,16081670,19.1,631
,,13,23396326,30047005,15.7,547
,,8,108039422,126102820,16.6,2513
,,8,102109037,126102820,23.4,3858
,,8,102261691,125968156,22.7,1219
,,8,102145463,125968156,23.0,3815
,,5,127803816,157191954,28.4,5017
,,6,165632,5923152,16.8,1820
,,6,150727036,162646769,18.4,2975
,,7,32199098,41241212,10.5,1733
,,8,102516385,125968156,22.1,3719
,,10,126062763,130740976,12.4,1504
,,12,17564072,59286610,37.9,6878
,,15,71956136,89620670,18.0,3069
,,20,15631758,46268493,31.7,5379
,,16,80419872,85296204,17.0,1820
,,12,25627916,54356389,21.9,3552
,,14,58295247,78779686,20.4,3861
,,3,177932934,188662678,18.5,1230
,,16,79130890,84069768,15.7,550
,,22,45057826,49911222,18.1,948
,,9,134212428,139077343,16.8,1533
,,7,9521934,20737300,16.4,2779
,,5,168514867,178503640,24.7,2628
,,17,72166941,76804108,11.9,1278
,,3,133877570,147794002,13.9,2136
,,18,13775272,59420763,45.1,1924
,,19,45147719,55195013,30.8,2793
,,8,102428258,126102820,22.6,3777
,,22,44886297,49900158,18.9,1424
,,22,45498003,49900158,16.2,1167
,,22,46258912,50345729,15.9,1021
,,22,45048253,49911908,18.1,1383
,,22,44886297,49900158,18.9,1486
,,22,44881968,49592082,17.4,1306
,,22,44886297,49877875,18.8,1430
,,22,44842354,50582550,21.2,1427
,,22,44886297,49877875,18.8,1429
,,22,44886297,49900158,18.9,1488
,,22,44881968,49741960,18.2,1335
,,22,44886297,49408735,16.3,1254
,,22,45107125,49911222,17.8,1773
,,22,45437092,49900158,16.4,1632
,,22,45161740,50079434,18.3,1787
,,22,45119659,49877875,17.6,924
,,22,45119659,49900158,17.7,1385
,,22,44886297,49915072,18.9,484
,,22,44778738,50079434,20.1,522
,,22,45057826,49911222,18.1,948
,,22,44886297,49512164,16.9,1308
,,22,45498115,49900158,16.2,1210
,,22,44886297,49319259,15.7,1223
,,22,44886297,49380656,16.1,1611
,,22,44886297,50079434,19.6,1796
,,22,45157103,49900158,17.6,1483
,,6,147185851,158980351,18.4,2350
,,3,179619860,189553287,19.1,1638
,,22,45126775,49900158,17.7,1410
,,22,45446874,50345729,18.0,1226
,,6,147912444,159007004,17.6,2232
,,5,159320525,178719364,38.0,3657
,,17,131918,5616579,15.6,1097
,,3,63788094,87276699,23.1,3010
,,16,79738625,85296204,18.1,1989
,,6,123865515,137363835,15.8,1976
,,22,46258912,50108991,15.2,709
,,14,30985803,38991928,15.6,1495
,,18,7143714,13033053,18.4,1427
,,22,45161740,49745407,16.9,1303
,,22,45161740,49900158,17.5,1746
,,22,44886297,50079434,19.6,1892
,,14,29230860,40342577,18.5,1712
,,14,30043269,39319551,17.3,1071
,,14,29504355,40824636,18.5,2238
,,14,30985803,38991928,15.6,1495
,,14,29190652,34853118,13.7,1072
,,17,228978,5855267,15.8,1347
,,18,57634727,77997052,42.4,4898
,,1,90601007,113449627,22.5,3252
,,14,29504355,40164269,18.3,2076
,,5,4725405,16408600,23.2,2194
,,5,8115307,16054101,14.1,1359
,,5,4717060,16102201,22.7,2159
,,5,4872310,16158739,22.3,2229
,,5,8115307,16034232,14.1,1354
,,5,6249440,16034232,17.8,758
,,5,8319421,16829132,15.2,484
,,5,6985430,16128234,16.4,1652
,,5,6922386,16034232,16.4,1085
,,5,8115307,16128234,14.3,1692
,,5,4872310,16110431,22.2,2662
,,5,5790928,16408600,19.6,2390
,,9,128928087,139709976,28.2,2134
,,11,124453666,134926754,23.1,2437
,,7,80611355,95697118,13.3,1831
,,8,96232747,124865882,27.9,3900
,,3,133701960,147794002,14.2,1858
,,18,5985892,13033053,23.7,1158
,,6,32737494,48162231,22.2,3836
,,5,127803816,157191954,28.4,5017
,,6,165632,5923152,16.8,1820
,,6,150727036,162646769,18.4,2975
,,7,32199098,41241212,10.5,1733
,,8,102516385,125968156,22.1,3719
,,10,126062763,130740976,12.4,1504
,,12,17564072,59286610,37.9,6878
,,15,71956136,89620670,18.0,3069
,,20,15631758,46268493,31.7,5379
,,18,7143714,13033053,18.4,1427
,,3,133877570,147794002,13.9,2136
,,7,115671435,138538228,22.5,1115
,,5,5769499,16081670,19.1,631
,,12,65827996,80556864,15.7,2291
,,13,105025012,110304057,15.2,1389
,,1,211877481,228916634,16.2,2535
,,20,63244,6100088,19.7,1660
,,6,88891040,106536253,16.4,2240
,,9,133981491,139077343,17.3,711
,,10,73828748,94881612,20.1,3704
,,7,42131390,76751658,25.7,1189
,,8,102145463,125968156,23.0,3815
,,3,70229761,102058887,18.5,1037
,,15,87531281,94522459,17.0,565
,,20,49687290,57196464,18.6,2324
,,20,48591758,57957021,22.3,2830
,,20,49625623,57193906,18.8,2348
,,20,51527356,58023771,17.6,773
,,6,147185851,158980351,18.4,2350
,,1,90125566,113284079,22.8,1043
,,18,7054431,20796504,23.9,1951
,,18,7192874,20796504,23.1,1906
,,14,29190652,34853118,13.7,1072
,,17,13546,5616579,15.8,1314
,,20,51851473,57958335,16.6,1948
,,18,6001128,12399481,22.9,1709
,,18,6487465,12741370,21.4,1585
,,18,6040528,9814778,15.4,976
,,18,6783759,10948635,16.3,1143
,,18,5181341,19558879,30.7,2729
,,18,6092335,12747012,22.8,574
,,18,6923291,12429202,18.8,1802
,,18,7383326,12747012,16.6,1635
,,18,5195573,9783269,18.4,1504
,,18,24062211,44216758,17.0,3300
,,18,6133402,11649014,21.1,1854
,,18,5985892,13033053,23.7,1158
,,18,7054431,20796504,23.9,1951
,,18,7192874,20796504,23.1,1906
,,18,7143714,13033053,18.4,1427
,,18,6107360,11075734,19.6,1713
,,18,7132405,12834359,18.1,483
,,18,6107360,11649014,21.2,1870
,,6,147185851,158980351,18.4,2350
,,18,63417004,77991527,32.1,2960
,,9,115781111,129166088,17.3,2287
,,18,8446393,19654137,16.5,1408
,,11,19427092,30047512,15.9,1728
,,20,63244,6100088,19.7,1660
,,3,61495,5522945,16.7,1557
,,11,19580233,29884984,15.2,2087
,,5,5790928,16408600,19.6,2390
,,18,6107360,12415885,22.5,2049
,,15,42134301,60984270,17.6,2555
,,15,46651153,62460328,17.7,2521
,,15,46666881,61177888,15.5,2839
,,15,51979674,64168647,15.6,2731
,,15,42085017,59770234,16.1,2601
,,15,46821267,64236441,19.5,3540
,,12,125269323,128642674,11.2,859
,,9,3106474,9918976,15.9,2211
,,4,140802689,156918475,16.1,2297
,,3,8316110,20996363,18.2,2792
,,14,58295247,78779686,20.4,3861
,,3,176647385,187004183,15.4,575
,,5,6922386,16034232,16.4,1085
,,3,61495,5492484,16.6,1554
,,18,7132405,12834359,18.1,483
,,15,48070793,64168647,17.8,3314
,,8,16870536,27479227,18.4,2571
,,8,16690648,27458294,18.7,2622
,,8,19039642,29394781,17.9,2188
,,8,19054974,29453239,17.9,2193
,,8,16690648,29266126,22.5,999
,,8,16655774,25889446,16.4,2395
,,5,2908851,9997370,18.3,1738
,,3,62527223,73497023,17.7,2157
,,6,124178280,137372463,15.3,644
,,13,91974018,99024955,10.3,385
,,8,16796681,25242876,15.3,2466
,,3,61495,5490708,16.6,1534
,,3,61495,5351214,16.2,1486
,,3,61495,5332265,16.1,1493
,,3,61495,5522945,16.7,1544
,,3,61495,5512860,16.6,1524
,,3,61495,5512860,16.6,1524
,,3,61495,5345166,16.2,1495
,,3,61495,5522945,16.7,1557
,,3,61495,5337127,16.2,1673
,,3,63411,5373391,16.3,1052
,,3,63411,5522945,16.7,1085
,,3,63411,5343801,16.2,938
,,3,61495,5492484,16.6,1554
,,3,471460,5332265,15.6,1402
,,3,61495,5332265,16.1,1517
,,18,4339053,8468304,17.3,1022
,,22,44886297,49408735,16.3,1254
,,16,5711291,13638938,21.4,2774
,,1,53901837,64426469,16.2,637
,,16,77888266,83324765,17.7,614
,,5,6922386,16034232,16.4,1085
,,22,46258912,50108991,15.2,709
,,8,106319151,126830010,19.5,1032
,,22,44778738,50079434,20.1,522
,,1,55261752,68105186,18.2,2829
,,3,61495,5277162,16.0,1753
,,9,76246845,89142905,18.7,2337
,,22,45161740,49745407,16.9,1303
,,3,61495,5277162,16.0,1836
,,8,77118604,101472510,17.1,2734
,,8,76215616,119856209,31.9,5175
,,8,77118604,107214049,24.3,3676
,,8,77118604,101472510,17.1,2735
,,8,76226176,105696848,23.6,3444
,,8,92295114,121603802,25.0,3578
,,8,76560454,126781758,43.2,6107
,,8,96232747,124865882,27.9,3900
,,8,80290562,105409476,22.1,1013
,,8,76226176,123574070,36.5,5933
,,8,96204142,103591361,10.2,507
,,8,75659213,117630683,30.2,1535
,,8,94999197,120435705,22.0,3949
,,8,89763735,120218092,25.0,4562
,,8,80663308,101524955,16.0,2895
,,5,148114806,171335293,32.7,4045
,,9,128928087,139709976,28.2,2134
,,8,98987918,126843414,28.2,3635
,,17,228978,5855267,15.8,1347
,,16,5711291,13638938,21.4,2774
,,3,8316110,20996363,18.2,2792
,,15,42085017,59770234,16.1,2601
,,8,98364203,121830295,19.1,3027
,,8,78510649,105381212,22.4,3999
,,19,15012726,35219548,21.5,1788
,,19,15093503,34429795,19.9,2432
,,19,15093503,34429795,19.9,2581
,,19,15093503,34371198,19.8,2450
,,19,15089173,34735393,20.6,2637
,,19,15008714,34429795,20.0,2601
,,5,159320525,178719364,38.0,3657
,,12,118562757,128498837,17.7,1731
,,22,46258912,50108991,15.2,709
,,15,94187859,100828865,20.4,556
,,5,168514867,178503640,24.7,2628
,,17,72166941,76804108,11.9,1278
,,5,76868950,95508726,18.4,770
,,19,15012726,34069166,19.1,2479
,,1,40974156,64555255,25.1,3308
,,1,40974156,62284504,22.0,3126
,,1,48053426,66691885,21.7,2935
,,1,53778904,68105186,20.7,2653
,,1,41032059,62284504,21.9,3118
,,1,57400984,68105186,15.2,1939
,,1,57360450,68105186,15.3,1941
,,1,57211976,68105186,15.5,1994
,,1,53901837,68401005,20.9,877
,,1,41255120,62109502,21.3,3613
,,1,43254108,60448209,17.2,2897
,,1,40974156,67352960,28.1,2719
,,1,53901837,64426469,16.2,637
,,1,43350603,66058513,24.5,4112
,,1,40974156,60474983,19.4,3301
,,1,48174867,62032669,15.8,2084
,,1,54354658,67937751,19.5,3001
,,1,53259950,68105186,21.3,1921
,,1,40974156,67937751,29.0,2783
,,1,40974156,60474983,19.4,3140
,,1,55261752,68105186,18.2,2829
,,1,52097580,68487020,22.6,946
,,1,41904847,62284504,20.9,2949
,,22,45498003,49900158,16.2,1167
,,6,55766417,90683587,18.1,3195
,,3,182970805,192028670,21.2,1782
,,22,44886297,49877875,18.8,1429
,,11,45949534,77178698,19.0,2594
,,5,6249440,16034232,17.8,758
,,2,26199220,40135076,15.9,2498
,,22,44886297,49915072,18.9,484
,,6,25976927,42462055,15.4,6971
,,1,41032059,68105186,29.2,4892
,,22,44886297,49900158,18.9,1424
,,22,45498003,49900158,16.2,1167
,,22,45126775,49900158,17.7,1410
,,22,45446874,50345729,18.0,1226
,,22,46258912,50345729,15.9,1021
,,22,45048253,49911908,18.1,1383
,,22,44881968,49592082,17.4,1306
,,22,44886297,49877875,18.8,1430
,,22,44842354,50582550,21.2,1427
,,22,44886297,49877875,18.8,1429
,,22,44881968,49741960,18.2,1335
,,22,44886297,49408735,16.3,1254
,,22,45107125,49911222,17.8,1773
,,22,45437092,49900158,16.4,1632
,,22,45161740,50079434,18.3,1787
,,22,45119659,49877875,17.6,924
,,22,46258912,50108991,15.2,709
,,22,45119659,49900158,17.7,1385
,,22,44886297,49915072,18.9,484
,,22,44778738,50079434,20.1,522
,,22,45057826,49911222,18.1,948
,,22,45161740,49745407,16.9,1303
,,22,44886297,49512164,16.9,1308
,,22,45498115,49900158,16.2,1210
,,22,44886297,49319259,15.7,1223
,,22,44886297,49380656,16.1,1611
,,22,44886297,50079434,19.6,1796
,,22,45157103,49900158,17.6,1483
,,5,159320525,178719364,38.0,3657
,,22,44886297,49900158,18.9,1486
,,22,44886297,49900158,18.9,1488
,,16,79465800,85335951,19.2,675
,,3,61495,5492484,16.6,1554
,,22,44886297,50079434,19.6,1892
,,22,45161740,49900158,17.5,1746
,,9,77406281,89199498,17.7,1278
,,9,76246845,89142905,18.7,2337
,,9,77442616,89440597,18.2,722
,,9,92515514,110210362,17.4,2495
,,11,45239959,93787542,32.8,4973
,,1,53901837,68401005,20.9,877
,,18,7383326,12747012,16.6,1635
,,1,20793015,37534255,20.0,1583
,,22,44778738,50079434,20.1,522
,,5,162736772,172038164,18.6,2281
,,22,45157103,49900158,17.6,1483
,,9,77404435,89336987,18.0,720
,,15,42134301,60984270,17.6,2555
,,15,46651153,62460328,17.7,2521
,,15,46666881,61177888,15.5,2839
,,15,51979674,64168647,15.6,2731
,,15,42085017,59770234,16.1,2601
,,15,48070793,64168647,17.8,3314
,,2,39851566,62741416,21.2,3620
,,3,8095826,20996215,18.8,2270
,,15,66358474,81133856,17.8,2059
,,3,61495,5512860,16.6,1524
,,9,3106474,9918976,15.9,2211
,,18,5195573,9783269,18.4,1504
,,18,24062211,44216758,17.0,3300
,,22,45161740,50079434,18.3,1787
,,8,106319151,126830010,19.5,1032
,,8,94999197,120435705,22.0,3949
,,13,23396326,30047005,15.7,547
,,15,46821267,64236441,19.5,3540
,,22,44886297,49900158,18.9,1424
,,22,45498003,49900158,16.2,1167
,,22,45126775,49900158,17.7,1410
,,22,45446874,50345729,18.0,1226
,,22,46258912,50345729,15.9,1021
,,22,45048253,49911908,18.1,1383
,,22,44886297,49900158,18.9,1486
,,22,44881968,49592082,17.4,1306
,,22,44886297,49877875,18.8,1430
,,22,44842354,50582550,21.2,1427
,,22,44886297,49877875,18.8,1429
,,22,44886297,49900158,18.9,1488
,,22,44881968,49741960,18.2,1335
,,22,44886297,49408735,16.3,1254
,,22,45107125,49911222,17.8,1773
,,22,45437092,49900158,16.4,1632
,,22,45161740,50079434,18.3,1787
,,22,45119659,49877875,17.6,924
,,22,46258912,50108991,15.2,709
,,22,45119659,49900158,17.7,1385
,,22,44886297,49915072,18.9,484
,,22,44778738,50079434,20.1,522
,,22,45057826,49911222,18.1,948
,,22,45161740,49745407,16.9,1303
,,22,44886297,49512164,16.9,1308
,,22,45498115,49900158,16.2,1210
,,22,44886297,50079434,19.6,1892
,,22,45161740,49900158,17.5,1746
,,22,44886297,49380656,16.1,1611
,,22,44886297,50079434,19.6,1796
,,22,45157103,49900158,17.6,1483
,,1,41032059,62284504,21.9,3118
,,6,8361391,17066353,16.6,1735
,,16,79305577,83040846,10.7,1167
,,1,53901837,68401005,20.9,877
,,16,80641397,85296204,16.7,574
,,16,79465800,85335951,19.2,675
,,1,53901837,64426469,16.2,637
,,3,61495,5332265,16.1,1517
,,22,44886297,49319259,15.7,1223
,,16,55736527,82068897,36.4,4335
,,16,72931085,81762739,19.4,2188
,,16,62571383,86114829,42.1,1632
,,7,106306401,130589791,18.2,2451
,,16,53416622,66053401,18.3,2148
,,10,125262764,132749766,20.7,1975
,,18,6040528,9814778,15.4,976
,,18,7192874,20796504,23.1,1906
,,13,22397453,27445339,12.6,451
,,18,6107360,11075734,19.6,1713
,,16,65877585,82068897,24.2,3771
,,9,19397040,38661416,22.4,3141
,,15,48070793,64168647,17.8,3314
,,7,116895588,138013414,20.4,2675
,,7,129738451,139360198,15.6,1008
,,7,115671435,138538228,22.5,1115
,,7,106306401,130589791,18.2,2451
,,21,41259941,46670874,15.7,1449
,,9,19397040,38661416,22.4,3141
,,15,94193200,98674403,15.6,1322
,,17,42892795,63090555,22.8,3220
,,14,58295247,78779686,20.4,3861
,,5,6985430,16128234,16.4,1652
,,7,116839950,138013414,20.4,3146
,,3,179619860,189553287,19.1,1638
,,3,181954164,190722423,20.2,1694
,,3,176691296,190791994,24.9,2297
,,3,176750426,190722423,24.7,2275
,,3,176691296,188689987,20.0,1838
,,3,178105341,188397584,17.7,1590
,,3,176693589,189170348,21.1,2457
,,3,176691296,190593084,24.5,2152
,,3,176647385,187004183,15.4,575
,,3,178173268,188662678,18.2,1218
,,3,178173268,188662678,18.2,1215
,,3,177932934,188662678,18.5,1230
,,3,179460825,190865991,22.4,2463
,,16,79143983,85230723,21.3,2203
,,3,61495,5490708,16.6,1534
,,2,39851566,62741416,21.2,3620
,,11,19580233,29872433,15.2,1768
,,11,19546520,29969227,15.4,1788
,,3,61495,5512860,16.6,1524
,,3,61495,5345166,16.2,1495
,,3,61495,5522945,16.7,1557
,,6,124178280,137372463,15.3,644
,,13,91974018,99024955,10.3,385
,,16,79465800,85335951,19.2,675
,,17,63531331,71848982,16.6,2018
,,3,63411,5522945,16.7,1085
,,22,45119659,49877875,17.6,924
,,5,8115307,16128234,14.3,1692
,,8,106319151,126830010,19.5,1032
,,22,44886297,49915072,18.9,484
,,1,52097580,68487020,22.6,946
,,16,78635695,85230723,24.7,2463
,,18,7143714,13033053,18.4,1427
,,16,76055486,85226863,28.1,3108
,,22,44886297,49512164,16.9,1308
,,3,61495,5492484,16.6,1554
,,19,15093503,34371198,19.8,2450
,,18,7132405,12834359,18.1,483
,,3,176590693,190700956,24.9,886
,,7,116895588,138013414,20.4,2675
,,7,116839950,138013414,20.4,3146
,,7,115671435,138538228,22.5,1115
,,4,81209842,100045574,17.0,2180
,,20,49687290,57196464,18.6,2324
,,4,184517243,190872778,18.6,1419
,,1,171735198,195923038,18.6,901
,,12,54134291,79595885,24.7,1170
,,1,52097580,68487020,22.6,946
,,15,57750647,79999877,29.3,3819
,,9,77442616,89440597,18.2,722
,,7,129738451,139360198,15.6,1008
,,15,57725259,80014686,29.4,3347
,,15,66358474,81133856,17.8,2059
,,15,59478485,70516482,16.0,1825
,,15,65335863,80033885,17.9,1988
,,15,61314596,81161130,23.6,866
,,15,61103590,71927201,16.5,1884
,,15,57750647,79999877,29.3,3819
,,9,115781111,129166088,17.3,2287
,,3,176691296,190791994,24.9,2297
,,6,123865515,137363835,15.8,1976
,,7,7804403,20737300,21.0,2875
,,1,211877481,228916634,16.2,2535
,,8,108039422,126102820,16.6,2513
,,7,116895588,138013414,20.4,2675
,,1,171735198,195923038,18.6,901
,,12,54134291,79595885,24.7,1170
,,5,127803816,157191954,28.4,5017
,,6,165632,5923152,16.8,1820
,,6,150727036,162646769,18.4,2975
,,7,32199098,41241212,10.5,1733
,,8,102516385,125968156,22.1,3719
,,10,126062763,130740976,12.4,1504
,,12,17564072,59286610,37.9,6878
,,15,71956136,89620670,18.0,3069
,,20,15631758,46268493,31.7,5379
,,13,22397453,27445339,12.6,451
,,15,54796677,81132202,32.6,4807
,,15,57725259,80014686,29.4,3347
,,15,66358474,81133856,17.8,2059
,,15,59478485,70516482,16.0,1825
,,15,65335863,80033885,17.9,1988
,,15,61314596,81161130,23.6,866
,,15,61103590,71927201,16.5,1884
,,15,54796677,81132202,32.6,4807
,,8,77118604,101472510,17.1,2734
,,5,159320525,178719364,38.0,3657
,,12,65827996,80556864,15.7,2291
,,8,77118604,101472510,17.1,2735
,,18,8440292,11675256,10.5,1134
,,6,123846449,137352519,15.8,576
,,11,100271469,122675454,26.1,1239
,,5,127803816,157191954,28.4,5017
,,6,165632,5923152,16.8,1820
,,6,150727036,162646769,18.4,2975
,,7,32199098,41241212,10.5,1733
,,8,102516385,125968156,22.1,3719
,,10,126062763,130740976,12.4,1504
,,12,17564072,59286610,37.9,6878
,,15,71956136,89620670,18.0,3069
,,20,15631758,46268493,31.7,5379
,,13,22397453,27445339,12.6,451
,,6,99921822,117831565,15.6,2349
,,7,129738451,139360198,15.6,1008
,,20,51527356,58023771,17.6,773
,,9,77442616,89440597,18.2,722
,,15,57750647,79999877,29.3,3819
,,18,6001128,12399481,22.9,1709
,,18,6487465,12741370,21.4,1585
,,18,6040528,9814778,15.4,976
,,18,6783759,10948635,16.3,1143
,,18,5181341,19558879,30.7,2729
,,18,6092335,12747012,22.8,574
,,18,6923291,12429202,18.8,1802
,,18,7383326,12747012,16.6,1635
,,18,5195573,9783269,18.4,1504
,,18,24062211,44216758,17.0,3300
,,18,6133402,11649014,21.1,1854
,,18,5985892,13033053,23.7,1158
,,18,7054431,20796504,23.9,1951
,,18,7192874,20796504,23.1,1906
,,18,7143714,13033053,18.4,1427
,,18,6107360,12415885,22.5,2049
,,18,7132405,12834359,18.1,483
,,18,6107360,11649014,21.2,1870
,,18,8446393,19654137,16.5,1408
,,22,45161740,50079434,18.3,1787
,,17,63531331,71848982,16.6,2018
,,9,119990164,133888771,19.3,1523
,,16,65877585,82068897,24.2,3771
,,18,6107360,11075734,19.6,1713
,,17,13546,5830838,16.4,1172
,,17,131918,5616579,15.6,1097
,,17,13546,5645968,15.8,1106
,,17,228978,5855267,15.8,1347
,,17,207618,5636209,15.2,1382
,,8,76215616,119856209,31.9,5175
,,16,53416622,66053401,18.3,2148
,,18,69327605,75215111,17.7,1826
,,17,13703203,32810443,21.7,722
,,20,49625623,57193906,18.8,2348
,,15,94179432,102274497,26.1,549
,,10,95064137,117854042,22.8,3496
,,14,48994889,58295247,11.7,1711
,,20,51851473,57958335,16.6,1948
,,6,25976927,42462055,15.4,6971
,,17,13546,5616579,15.8,1314
,,19,15012726,35219548,21.5,1788
,,19,15093503,34429795,19.9,2432
,,19,15093503,34429795,19.9,2581
,,19,15012726,34069166,19.1,2479
,,19,15089173,34735393,20.6,2637
,,19,15008714,34429795,20.0,2601
,,9,115781111,127821778,16.2,2463
,,19,45132364,56308689,34.6,3306
,,6,3153383,11333684,19.1,1821
,,6,25674509,42940673,16.7,2244
,,14,63526171,78568445,16.3,1624
,,16,79130890,84069768,15.7,550
,,6,99921822,117831565,15.6,2349
,,3,176590693,190700956,24.9,886
,,19,15093503,34371198,19.8,2450
,,8,22784735,36986164,15.6,1994
,,8,22898222,36987204,15.4,2184
,,5,168391942,178719364,25.3,2781
,,18,6133402,11649014,21.1,1854
,,4,135475307,156575786,22.0,1754
,,5,94316007,115120408,16.5,1856
,,14,21528248,29651984,16.7,1809
,,16,79130890,84069768,15.7,550
,,18,6107360,11075734,19.6,1713
,,19,15012726,35219548,21.5,1788
,,19,15093503,34429795,19.9,2432
,,19,15093503,34429795,19.9,2581
,,19,15012726,34069166,19.1,2479
,,19,15093503,34371198,19.8,2450
,,19,15008714,34429795,20.0,2601
,,4,175273562,182813298,12.8,1387
,,18,8440292,11675256,10.5,1134
,,19,15089173,34735393,20.6,2637
,,6,25842605,42471579,15.6,3219
,,6,25674509,42940673,16.7,2244
,,1,211877481,228916634,16.2,2535
,,22,45437092,49900158,16.4,1632
,,1,171735198,195923038,18.6,901
,,12,54134291,79595885,24.7,1170
,,4,24728480,37524958,15.3,1881
,,1,41032059,68105186,29.2,4892
,,17,13546,5616579,15.8,1314
,,1,18527213,37548473,24.8,1024
,,9,77442616,89440597,18.2,722
,,6,25976927,42462055,15.4,6971
,,22,44886297,49900158,18.9,1424
,,22,45498003,49900158,16.2,1167
,,22,45126775,49900158,17.7,1410
,,22,45446874,50345729,18.0,1226
,,22,46258912,50345729,15.9,1021
,,22,45048253,49911908,18.1,1383
,,22,44886297,49900158,18.9,1486
,,22,44881968,49592082,17.4,1306
,,22,44886297,49877875,18.8,1430
,,22,44842354,50582550,21.2,1427
,,22,44886297,49877875,18.8,1429
,,22,44886297,49900158,18.9,1488
,,22,44881968,49741960,18.2,1335
,,22,44886297,49408735,16.3,1254
,,22,45107125,49911222,17.8,1773
,,22,45437092,49900158,16.4,1632
,,22,45161740,50079434,18.3,1787
,,22,45119659,49877875,17.6,924
,,22,46258912,50108991,15.2,709
,,22,45119659,49900158,17.7,1385
,,22,44886297,49915072,18.9,484
,,22,44778738,50079434,20.1,522
,,22,45057826,49911222,18.1,948
,,22,45161740,49745407,16.9,1303
,,22,44886297,49512164,16.9,1308
,,22,45498115,49900158,16.2,1210
,,22,44886297,50079434,19.6,1892
,,22,45161740,49900158,17.5,1746
,,22,44886297,49319259,15.7,1223
,,22,44886297,50079434,19.6,1796
,,22,45157103,49900158,17.6,1483
,,11,107430300,122204383,20.2,2479
,,1,57211976,68105186,15.5,1994
,,16,77888266,83324765,17.7,614
,,4,134784379,156555835,22.5,926
,,11,19569074,30047512,15.4,1927
,,22,44886297,49380656,16.1,1611
,,19,6965278,15143453,16.3,1308
,,14,29230860,40342577,18.5,1712
,,8,98987918,126843414,28.2,3635
,,16,53416622,66053401,18.3,2148
,,6,88973751,106548730,16.3,789
,,4,134784379,156555835,22.5,926
,,4,135475307,156575786,22.0,1754
,,14,58295247,78539977,20.1,3764
,,3,133877570,147794002,13.9,2136
,,5,61749048,80399926,20.0,2728
,,5,94610224,115285650,16.5,2675
,,19,39528932,55728651,39.7,3046
,,6,143067927,157398175,19.4,2760
,,22,45048253,49911908,18.1,1383
,,6,143083063,158486110,20.4,2886
,,3,8095826,20996215,18.8,2270
,,15,66358474,81133856,17.8,2059
,,5,2908851,9997370,18.3,1738
,,1,90125566,113284079,22.8,1043
,,10,108216760,125192081,25.3,3720
,,4,184517243,190872778,18.6,1419
,,18,5195573,9783269,18.4,1504
,,18,24062211,44216758,17.0,3300
,,15,94187859,100828865,20.4,556
,,22,45498115,49900158,16.2,1210
,,19,50289859,54443866,17.2,1250
,,20,49687290,57196464,18.6,2324
,,20,48591758,57957021,22.3,2830
,,20,49625623,57193906,18.8,2348
,,20,51851473,57958335,16.6,1948
,,22,45048253,49911908,18.1,1383
,,15,94187859,102385044,26.3,1880
,,6,143083063,158486110,20.4,2886
,,1,57400984,68105186,15.2,1939
,,3,65289530,101911058,24.2,3743
,,15,59478485,70516482,16.0,1825
,,9,19397040,38661416,22.4,3141
,,1,90125566,113284079,22.8,1043
,,2,25755848,39930277,16.1,2522
,,16,77888266,83324765,17.7,614
,,13,60965482,92371090,26.2,1208
,,6,88973751,106548730,16.3,789
,,13,60184047,99001223,36.6,6372
,,5,31469172,41301008,14.1,2042
,,11,100271469,122675454,26.1,1239
,,5,162736772,172038164,18.6,2281
,,14,58295247,78539977,20.1,3764
,,15,57750647,79999877,29.3,3819
,,18,13775272,59420763,45.1,1924
,,20,51527356,58023771,17.6,773
,,22,44886297,49900158,18.9,1424
,,22,45498003,49900158,16.2,1167
,,22,45126775,49900158,17.7,1410
,,22,45446874,50345729,18.0,1226
,,22,46258912,50345729,15.9,1021
,,22,45048253,49911908,18.1,1383
,,22,44886297,49900158,18.9,1486
,,22,44881968,49592082,17.4,1306
,,22,44886297,49877875,18.8,1430
,,22,44842354,50582550,21.2,1427
,,22,44886297,49877875,18.8,1429
,,22,44886297,49900158,18.9,1488
,,22,44881968,49741960,18.2,1335
,,22,44886297,49408735,16.3,1254
,,22,45107125,49911222,17.8,1773
,,22,45437092,49900158,16.4,1632
,,22,45161740,50079434,18.3,1787
,,22,45119659,49877875,17.6,924
,,22,46258912,50108991,15.2,709
,,22,45119659,49900158,17.7,1385
,,22,44886297,49915072,18.9,484
,,22,44778738,50079434,20.1,522
,,22,45057826,49911222,18.1,948
,,22,45161740,49745407,16.9,1303
,,22,44886297,49512164,16.9,1308
,,22,45498115,49900158,16.2,1210
,,22,44886297,50079434,19.6,1892
,,22,45161740,49900158,17.5,1746
,,22,44886297,49319259,15.7,1223
,,22,44886297,49380656,16.1,1611
,,22,45157103,49900158,17.6,1483
,,3,176691296,190593084,24.5,2152
,,1,48174867,62032669,15.8,2084
,,1,53259950,68105186,21.3,1921
,,11,100271469,122675454,26.1,1239
,,3,61495,5332265,16.1,1517
,,5,2689047,9978292,18.8,2230
,,22,44886297,50079434,19.6,1796
,,5,159320525,178719364,38.0,3657
,,5,168391942,178719364,25.3,2781
,,17,71458742,77379107,17.6,964
,,5,148114806,171335293,32.7,4045
,,11,124453666,134926754,23.1,2437
,,7,40760498,73814702,25.1,1376
,,8,102428258,126102820,22.6,3777
,,19,15012726,34069166,19.1,2479
,,5,168514867,178503640,24.7,2628
,,17,72166941,76804108,11.9,1278
,,3,133701960,147794002,14.2,1858
,,8,102428258,126102820,22.6,3777
,,5,5769499,16081670,19.1,631
,,5,5790928,16408600,19.6,2390
,,19,45147719,55195013,30.8,2793
,,3,133877570,147794002,13.9,2136
,,22,44842354,50582550,21.2,1427
,,18,67943953,75838302,21.1,1864
,,2,208716745,231683849,32.2,3695
,,19,45132364,56308689,34.6,3306
,,17,42892795,63090555,22.8,3220
,,5,162677234,172038164,18.7,2290
,,15,61314596,81161130,23.6,866
,,19,41056792,48755267,11.0,735
,,22,44886297,49915072,18.9,484
,,12,121600529,129615327,19.7,2207
,,10,95064137,117854042,22.8,3496
,,14,48994889,58295247,11.7,1711
,,13,22397453,27445339,12.6,451
,,9,76944989,93975471,27.3,1295
,,12,125269323,128642674,11.2,859
,,12,121600529,129615327,19.7,2207
,,6,147185851,158980351,18.4,2350
,,11,107430300,122204383,20.2,2479
,,8,75939401,102627955,20.0,2966
,,11,100510448,122466121,25.2,3393
,,21,28196045,43102097,30.1,2897
,,12,118562757,128498837,17.7,1731
,,10,73729752,105246283,29.9,4396
,,4,81209842,100045574,17.0,2180
,,6,8361391,17066353,16.6,1735
,,17,228978,5855267,15.8,1347
,,1,41255120,62109502,21.3,3613
,,3,2195312,5791627,12.5,1333
,,11,32571594,44705461,14.9,2329
,,12,15235173,25243893,13.9,2152
,,12,51713586,99135638,46.5,7962
,,18,49488572,67084661,25.5,3504
,,8,80290562,105409476,22.1,1013
,,1,211774350,229003739,16.3,3018
,,8,96204142,103591361,10.2,507
,,11,100271469,122675454,26.1,1239
,,5,127803816,157191954,28.4,5017
,,6,165632,5923152,16.8,1820
,,6,150727036,162646769,18.4,2975
,,7,32199098,41241212,10.5,1733
,,8,102516385,125968156,22.1,3719
,,10,126062763,130740976,12.4,1504
,,12,17564072,59286610,37.9,6878
,,15,71956136,89620670,18.0,3069
,,20,15631758,46268493,31.7,5379
,,11,19569074,29884984,15.3,2110
,,12,125198575,128546979,10.9,1078
,,22,44886297,49900158,18.9,1424
,,22,45498003,49900158,16.2,1167
,,22,45126775,49900158,17.7,1410
,,22,45446874,50345729,18.0,1226
,,22,46258912,50345729,15.9,1021
,,22,45048253,49911908,18.1,1383
,,22,44886297,49900158,18.9,1486
,,22,44881968,49592082,17.4,1306
,,22,44886297,49877875,18.8,1430
,,22,44842354,50582550,21.2,1427
,,22,44886297,49877875,18.8,1429
,,22,44886297,49900158,18.9,1488
,,22,44881968,49741960,18.2,1335
,,22,44886297,49408735,16.3,1254
,,22,45107125,49911222,17.8,1773
,,22,45437092,49900158,16.4,1632
,,22,45161740,50079434,18.3,1787
,,22,45119659,49877875,17.6,924
,,22,46258912,50108991,15.2,709
,,22,45119659,49900158,17.7,1385
,,22,44886297,49915072,18.9,484
,,22,44778738,50079434,20.1,522
,,22,45057826,49911222,18.1,948
,,22,45161740,49745407,16.9,1303
,,22,44886297,49512164,16.9,1308
,,22,45498115,49900158,16.2,1210
,,22,44886297,50079434,19.6,1892
,,22,45161740,49900158,17.5,1746
,,22,44886297,49319259,15.7,1223
,,22,44886297,49380656,16.1,1611
,,22,44886297,50079434,19.6,1796
,,5,159320525,178719364,38.0,3657
,,6,3302217,11516046,19.0,1819
,,6,3153383,11333684,19.1,1821
,,14,58295247,78779686,20.4,3861
,,14,58295247,78539977,20.1,3764
,,9,77404435,89336987,18.0,720
,,22,45157103,49900158,17.6,1483
,,11,124453666,134926754,23.1,2437
,,8,76560454,126781758,43.2,6107
,,18,5181341,19558879,30.7,2729
,,12,191619,6196183,16.8,1840
,,6,3153383,11333684,19.1,1821
,,6,25674509,42940673,16.7,2244
,,12,191619,10858817,25.6,2874
,,8,16655774,25889446,16.4,2395
,,1,36887163,53259950,15.2,1959
,,12,191619,6196183,16.8,1840
,,17,63531331,71848982,16.6,2018
,,1,37242743,60460443,26.1,4048
,,15,94187859,102385044,26.3,1880
,,10,125262764,132749766,20.7,1975
,,22,44886297,49408735,16.3,1254
,,10,73828748,94881612,20.1,3704
,,18,5195573,9783269,18.4,1504
,,18,24062211,44216758,17.0,3300
,,22,44886297,49380656,16.1,1611
,,13,74860476,99025982,24.4,3397
,,19,15012726,35219548,21.5,1788
,,19,15093503,34429795,19.9,2432
,,19,15093503,34429795,19.9,2581
,,19,15012726,34069166,19.1,2479
,,19,15093503,34371198,19.8,2450
,,19,15089173,34735393,20.6,2637
,,5,168391942,178719364,25.3,2781
,,21,41297992,46655385,15.5,725
,,13,60965482,92371090,26.2,1208
,,19,15008714,34429795,20.0,2601
,,5,4725405,16408600,23.2,2194
,,5,8115307,16054101,14.1,1359
,,5,4717060,16102201,22.7,2159
,,5,4872310,16158739,22.3,2229
,,5,8115307,16034232,14.1,1354
,,5,6249440,16034232,17.8,758
,,5,8319421,16829132,15.2,484
,,5,6985430,16128234,16.4,1652
,,5,6922386,16034232,16.4,1085
,,5,8115307,16128234,14.3,1692
,,5,4872310,16110431,22.2,2662
,,5,5769499,16081670,19.1,631
,,2,39851566,62741416,21.2,3620
,,7,80611355,95697118,13.3,1831
,,10,73729752,105246283,29.9,4396
,,3,23770133,42378073,19.7,2854
,,5,30937514,54455439,20.1,2581
,,3,133701960,147794002,14.2,1858
,,5,94316007,115120408,16.5,1856
,,14,63526171,78568445,16.3,1624
,,18,6107360,12415885,22.5,2049
,,3,133877570,147794002,13.9,2136
,,5,5790928,16408600,19.6,2390
,,11,100510448,122466121,25.2,3393
,,18,67943953,75838302,21.1,1864
,,19,45202052,51954858,17.3,1652
,,20,2656328,9171861,17.8,1942
,,16,105320,10706872,27.1,1687
,,3,63411,5343801,16.2,938
,,5,4872310,16110431,22.2,2662
,,15,46821267,64236441,19.5,3540
,,13,23396326,30047005,15.7,547
,,11,19580233,29872433,15.2,1768
,,11,19427092,30047512,15.9,1728
,,11,19546520,29969227,15.4,1788
,,11,19580233,30378559,15.5,1740
,,11,19538163,30047512,15.5,1740
,,11,19580233,30047512,15.3,1723
,,11,19580233,29884984,15.2,2087
,,11,19569074,30047512,15.4,1927
,,12,125269323,128642674,11.2,859
,,22,44881968,49741960,18.2,1335
,,3,62527223,73497023,17.7,2157
,,16,77888266,83324765,17.7,614
,,3,61495,5492484,16.6,1554
,,22,45498115,49900158,16.2,1210
,,12,125198575,128546979,10.9,1078
,,11,19569074,29884984,15.3,2110
,,18,6001128,12399481,22.9,1709
,,18,6487465,12741370,21.4,1585
,,18,8446393,19654137,16.5,1408
,,18,6783759,10948635,16.3,1143
,,18,5181341,19558879,30.7,2729
,,18,6092335,12747012,22.8,574
,,18,6923291,12429202,18.8,1802
,,18,7383326,12747012,16.6,1635
,,18,5195573,9783269,18.4,1504
,,18,24062211,44216758,17.0,3300
,,18,6133402,11649014,21.1,1854
,,18,5985892,13033053,23.7,1158
,,18,7054431,20796504,23.9,1951
,,18,7192874,20796504,23.1,1906
,,18,7143714,13033053,18.4,1427
,,18,6107360,12415885,22.5,2049
,,18,6107360,11075734,19.6,1713
,,18,6107360,11649014,21.2,1870
,,22,45048253,49911908,18.1,1383
,,4,11414037,29060867,24.3,2823
,,18,6040528,9814778,15.4,976
,,8,19054974,29453239,17.9,2193
,,17,228978,5855267,15.8,1347
,,5,6249440,16034232,17.8,758
,,17,71458742,77379107,17.6,964
,,6,32737494,48162231,22.2,3836
,,3,70229761,102058887,18.5,1037
,,6,99921822,117831565,15.6,2349
,,15,48070793,64168647,17.8,3314
,,3,176590693,190700956,24.9,886
,,13,74860476,99025982,24.4,3397
,,7,115671435,138538228,22.5,1115
,,18,7132405,12834359,18.1,483
,,1,20158241,35093593,18.2,2175
,,1,20793015,37534255,20.0,1583
,,5,148114806,171335293,32.7,4045
,,16,6756396,16975959,20.0,2351
,,6,76127504,101967710,17.9,3015
,,1,90125566,113284079,22.8,1043
,,9,119990164,133888771,19.3,1523
,,14,30985803,38991928,15.6,1495
,,3,70229761,102058887,18.5,1037
,,6,25976927,42462055,15.4,6971
,,9,77442616,89440597,18.2,722
,,1,18527213,37548473,24.8,1024
Z167021,,6,124178280,137372463,15.3,644
Z167021,,13,91974018,99024955,10.3,385
Z167021,,13,60965482,92371090,26.2,1208
Z167021,,13,60184047,99001223,36.6,6372
Z167021,,6,147185851,158980351,18.4,2350
Z167021,,3,8327085,21083986,18.3,2239
Z167021,,3,8095826,20996215,18.8,2270
Z167021,,1,20158241,35093593,18.2,2175
Z167021,,9,19397040,38661416,22.4,3141
Z167021,,18,69327605,75215111,17.7,1826
Z167021,,5,6922386,16034232,16.4,1085
Z167021,,18,7132405,12834359,18.1,483
Z167021,,13,74860476,99025982,24.4,3397
,,7,106306401,130589791,18.2,2451
,,7,116895588,138013414,20.4,2675
,,7,116839950,138013414,20.4,3146
,,7,129738451,139360198,15.6,1008
,,6,147912444,159007004,17.6,2232
,,14,96130617,107143294,23.5,1730
,,8,16870536,27479227,18.4,2571
,,8,16690648,27458294,18.7,2622
,,22,45161740,50079434,18.3,1787
,,6,25674509,42940673,16.7,2244
,,14,63526171,78568445,16.3,1624
,,8,16655774,25889446,16.4,2395
,,1,90601007,113449627,22.5,3252
,,5,5769499,16081670,19.1,631
,,18,7132405,12834359,18.1,483
,,9,77442616,89440597,18.2,722
,,5,76868950,95508726,18.4,770
,,7,115671435,138538228,22.5,1115
,,9,77406281,89199498,17.7,1278
,,9,76246845,89142905,18.7,2337
,,9,77404435,89336987,18.0,720
,,6,25842605,42471579,15.6,3219
,,16,53416622,66053401,18.3,2148
,,22,44886297,49877875,18.8,1429
,,3,65289530,101911058,24.2,3743
,,5,30937514,54455439,20.1,2581
,,11,19580233,30047512,15.3,1723
,,18,6092335,12747012,22.8,574
,,1,55261752,68105186,18.2,2829
,,6,32737494,48162231,22.2,3836
,,12,15233495,26532629,16.2,2190
,,3,70229761,102058887,18.5,1037
,,7,129738451,139360198,15.6,1008
,,15,57750647,79999877,29.3,3819
,,6,25976927,42462055,15.4,6971
,,1,18527213,37548473,24.8,1024
,,7,115671435,138538228,22.5,1115
,,9,77442616,89440597,18.2,722
,,18,6001128,12399481,22.9,1709
,,6,25842605,42471579,15.6,3219
,,9,129777653,138913404,25.0,1891
,,16,5711291,13638938,21.4,2774
,,18,57634727,77997052,42.4,4898
,,8,102261691,125968156,22.7,1219
,,2,12581267,23095572,15.2,573
,,13,60184047,99001223,36.6,6372
,,6,123846449,137352519,15.8,576
,,8,102145463,125968156,23.0,3815
,,19,15012726,34069166,19.1,2479
,,7,115671435,138538228,22.5,1115
,,5,76868950,95508726,18.4,770
,,18,6001128,12399481,22.9,1709
,,18,6487465,12741370,21.4,1585
,,18,6040528,9814778,15.4,976
,,18,6783759,10948635,16.3,1143
,,18,5181341,19558879,30.7,2729
,,18,6092335,12747012,22.8,574
,,18,6923291,12429202,18.8,1802
,,18,7383326,12747012,16.6,1635
,,18,5195573,9783269,18.4,1504
,,18,24062211,44216758,17.0,3300
,,18,6133402,11649014,21.1,1854
,,18,5985892,13033053,23.7,1158
,,18,7054431,20796504,23.9,1951
,,18,7192874,20796504,23.1,1906
,,18,7143714,13033053,18.4,1427
,,18,6107360,12415885,22.5,2049
,,18,6107360,11075734,19.6,1713
,,18,7132405,12834359,18.1,483
,,14,76989856,90539350,15.9,2016
,,7,7804403,20737300,21.0,2875
,,18,8446393,19654137,16.5,1408
,,16,79143983,84724890,19.0,1998
,,11,19580233,30047512,15.3,1723
,,12,191619,6196183,16.8,1840
,,4,70513710,91748644,21.9,3200
,,4,135475307,156575786,22.0,1754
,,16,78958477,84623076,19.9,2365
,,3,61495,5332265,16.1,1517
,,18,6107360,11649014,21.2,1870
,,18,44065959,59020960,19.6,3055
,,18,44150558,57138957,15.5,2519
,,18,5195573,9783269,18.4,1504
,,18,24062211,44216758,17.0,3300
,,1,53778904,68105186,20.7,2653
,,8,19054974,29453239,17.9,2193
,,2,208716745,231683849,32.2,3695
,,3,62527223,73497023,17.7,2157
,,3,61495,5522945,16.7,1557
,,5,6249440,16034232,17.8,758
,,17,13703203,32810443,21.7,722
,,3,8316110,20996363,18.2,2792
,,8,96204142,103591361,10.2,507
,,1,40974156,67937751,29.0,2783
,,22,44886297,49512164,16.9,1308
,,8,102428258,126102820,22.6,3777
,,20,51527356,58023771,17.6,773
,,18,13775272,59420763,45.1,1924
,,6,32737494,48162231,22.2,3836
,,8,27878672,77270727,42.0,5389
,,8,98987918,126843414,28.2,3635
,,18,69327605,75215111,17.7,1826
,,16,5711291,13638938,21.4,2774
,,17,42892795,63090555,22.8,3220
,,7,40760498,73814702,25.1,1376
,,6,38989385,47981686,15.7,2040
,,7,106306401,130589791,18.2,2451
,,3,63788094,87276699,23.1,3010
,,7,80611355,95697118,13.3,1831
,,3,8095826,20996215,18.8,2270
,,9,129777653,138913404,25.0,1891
,,7,40760498,73814702,25.1,1376
,,4,134784379,156555835,22.5,926
,,3,63411,5522945,16.7,1085
,,8,106319151,126830010,19.5,1032
,,22,46360083,50315363,15.7,388
SHAREEMA,,8,77118604,101472510,17.1,2734
SHAREEMA,,8,76215616,119856209,31.9,5175
SHAREEMA,,8,77118604,107214049,24.3,3676
SHAREEMA,,8,77118604,101472510,17.1,2735
SHAREEMA,,8,103529405,126781758,21.4,2992
SHAREEMA,,8,98987918,126843414,28.2,3635
SHAREEMA,,8,76226176,105696848,23.6,3444
SHAREEMA,,8,92295114,121603802,25.0,3578
SHAREEMA,,8,76560454,126781758,43.2,6107
SHAREEMA,,8,96232747,124865882,27.9,3900
SHAREEMA,,8,80290562,105409476,22.1,1013
SHAREEMA,,8,76226176,123574070,36.5,5933
SHAREEMA,,8,96204142,103591361,10.2,507
SHAREEMA,,8,98364203,121830295,19.1,3027
SHAREEMA,,8,75659213,117630683,30.2,1535
SHAREEMA,,8,94999197,120435705,22.0,3949
SHAREEMA,,8,78510649,105381212,22.4,3999
SHAREEMA,,8,80663308,101524955,16.0,2895
SHAREEMA,,3,133701960,147794002,14.2,1858
SHAREEMA,,18,5985892,13033053,23.7,1158
SHAREEMA,,15,61103590,71927201,16.5,1884
SHAREEMA,,4,11328556,30645543,25.8,3357
SHAREEMA,,8,106319151,126830010,19.5,1032
SHAREEMA,,11,100271469,122675454,26.1,1239
SHAREEMA,,8,89763735,120218092,25.0,4562
,,8,77118604,101472510,17.1,2734
,,8,76215616,119856209,31.9,5175
,,8,77118604,107214049,24.3,3676
,,8,77118604,101472510,17.1,2735
,,8,76226176,105696848,23.6,3444
,,8,76560454,126781758,43.2,6107
,,8,80290562,105409476,22.1,1013
,,8,76226176,123574070,36.5,5933
,,8,75659213,117630683,30.2,1535
,,8,78510649,105381212,22.4,3999
,,8,89763735,120218092,25.0,4562
,,19,6965278,15143453,16.3,1308
,,8,92295114,121603802,25.0,3578
,,8,16690648,29266126,22.5,999
,,18,44150558,57138957,15.5,2519
,,8,96204142,103591361,10.2,507
,,12,191619,10858817,25.6,2874
,,5,127803816,157191954,28.4,5017
,,6,165632,5923152,16.8,1820
,,6,150727036,162646769,18.4,2975
,,7,32199098,41241212,10.5,1733
,,8,102516385,125968156,22.1,3719
,,10,126062763,130740976,12.4,1504
,,12,17564072,59286610,37.9,6878
,,15,71956136,89620670,18.0,3069
,,20,15631758,46268493,31.7,5379
,,8,80663308,101524955,16.0,2895
,,19,45132364,56308689,34.6,3306
,,19,45202052,51954858,17.3,1652
,,8,77118604,101472510,17.1,2734
,,17,37036554,63111452,27.3,3149
,,20,24247556,41711226,10.3,1694
,,6,55766417,90683587,18.1,3195
,,11,100510448,122466121,25.2,3393
,,18,6487465,12741370,21.4,1585
,,1,201246636,211425658,15.4,1815
,,12,25627916,54356389,21.9,3552
,,18,6923291,12429202,18.8,1802
,,3,133701960,147794002,14.2,1858
,,5,79745469,97703974,16.3,1379
,,14,21528248,29651984,16.7,1809
,,8,16655774,25889446,16.4,2395
,,8,75659213,117630683,30.2,1535
,,8,102428258,126102820,22.6,3777
,,3,133877570,147794002,13.9,2136
,,19,45147719,55195013,30.8,2793
,,5,2908851,9997370,18.3,1738
,,1,36887163,53259950,15.2,1959
,,20,63244,6100088,19.7,1660
,,17,13546,5645968,15.8,1106
,,18,44065959,59020960,19.6,3055
,,14,58295247,78779686,20.4,3861
,,6,123846449,137352519,15.8,576
,,16,105320,10706872,27.1,1687
,,22,44886297,50079434,19.6,1796
,,5,2689047,9978292,18.8,2230
